_id,hilo,total_retweets,total_favoritos,total_replies,total_hashtags,emocion_max_1,emocion_max_2,emocion_moda_1,emocion_moda_2,emocion_media_1,emocion_media_2,emocion_presente_1,emocion_presente_2,usuario,user_total_followers,user_total_friends,user_total_status,user_puntaje_sigmo,user_verificado
ObjectId("5cf6de746b361d31fc1b34b7"),1,94,388,29,1,Joy,Fear,Joy,Fear,Joy,Fear,Joy,Fear,3311036150,15959,1046,18891,1.0455444362409818,true
ObjectId("5cf6de746b361d31fc1b34b8"),2,204,301,28,7,Fear,Joy,Fear,Joy,Fear,Joy,Fear,Joy,938139949710405633,38539,6586,39448,0.9516930813158719,false
ObjectId("5cf6de746b361d31fc1b34b9"),3,9,16,7,0,Fear,Joy,Sadness,Fear,Joy,Fear,Fear,Joy,857087659008815105,2902,280,20144,1.0041002957674237,false
ObjectId("5cf6de746b361d31fc1b34ba"),4,204,229,27,1,Sadness,Surprise,Joy,Disgust,Joy,Surprise,Joy,Sadness,305073570,94280,1054,20622,1.2364186016587972,true
ObjectId("5cf6de746b361d31fc1b34bb"),5,94,250,14,1,Fear,Joy,Joy,Fear,Joy,Fear,Fear,Joy,856850515,528,647,1176,0.7145223871602987,false
ObjectId("5cf6de746b361d31fc1b34bc"),6,514,686,32,1,Surprise,Joy,Joy,Anger,Joy,Surprise,Joy,Surprise,34113439,349243,5015,119606,1.17929943006988,true
ObjectId("5cf6de746b361d31fc1b34bd"),7,879,1137,51,0,Joy,Anger,Joy,Fear,Joy,Fear,Joy,Fear,30244119,35370,1982,20782,1.0584840005653757,false
ObjectId("5cf6de746b361d31fc1b34be"),8,95,93,11,2,Joy,Disgust,Joy,Surprise,Joy,Surprise,Joy,Surprise,15554922,62426,6079,48054,1.0023973906367634,true
ObjectId("5cf6de746b361d31fc1b34bf"),9,560,782,71,18,Joy,Fear,Fear,Joy,Joy,Fear,Joy,Fear,4588225574,2550,1443,28992,0.819005992775281,false
ObjectId("5cf6de746b361d31fc1b34c0"),10,589,2386,58,0,Joy,Surprise,Fear,Joy,Joy,Fear,Joy,Fear,3223426134,670013,37,51875,2.258361470728224,true
ObjectId("5cf6de746b361d31fc1b34c1"),11,113,89,18,19,Joy,Fear,Joy,Sadness,Joy,Fear,Joy,Sadness,941163760252866562,6064,6671,6561,0.7841272883727834,false
ObjectId("5cf6de746b361d31fc1b34c2"),12,79,119,11,14,Fear,Joy,Fear,Joy,Joy,Fear,Joy,Fear,875014353778610177,3939,43,200,1.360151537346563,true
ObjectId("5cf6de746b361d31fc1b34c3"),13,60,105,15,3,Joy,Surprise,Fear,Surprise,Fear,Joy,Fear,Surprise,787318013817155584,8427,9170,50645,0.7910912705337847,false
ObjectId("5cf6de746b361d31fc1b34c4"),14,190,188,20,16,Joy,Disgust,Joy,Fear,Joy,Fear,Joy,Fear,3213896841,3273,3014,40270,0.7847406131208424,false
ObjectId("5cf6de746b361d31fc1b34c5"),15,1644,2556,291,1,Fear,Surprise,Joy,Fear,Joy,Fear,Anger,Fear,9427572,133320,14423,39842,0.993373408952516,false
ObjectId("5cf6de746b361d31fc1b34c6"),16,105,522,25,0,Joy,Fear,Joy,Anger,Joy,Fear,Joy,Fear,19563366,66227,2217,33520,1.1093153019714812,true
ObjectId("5cf6de746b361d31fc1b34c7"),17,274,350,15,1,Fear,Joy,Fear,Joy,Fear,Joy,Surprise,Fear,1484990160,4302,1188,8362,0.891683236654616,false
ObjectId("5cf6de746b361d31fc1b34c8"),18,52,77,11,7,Fear,Joy,Fear,Joy,Fear,Joy,Fear,Joy,747544757727952897,35823,28441,58165,0.8350215193986962,false
ObjectId("5cf6de746b361d31fc1b34c9"),19,22,28,10,4,Fear,Anger,Joy,Fear,Joy,Fear,Fear,Joy,947828772362956800,6225,2857,26613,0.8514713047595716,false
ObjectId("5cf6de746b361d31fc1b34ca"),20,383,492,38,14,Fear,Joy,Joy,Anger,Joy,Fear,Surprise,Joy,784905447979352064,13141,1562,45372,0.9820461965509607,false
ObjectId("5cf6de746b361d31fc1b34cb"),21,2085,6250,156,1,Fear,Sadness,Fear,Joy,Joy,Anger,Anger,Joy,744616500485558273,17502,782,34133,1.0897206229036422,false
ObjectId("5cf6de746b361d31fc1b34cc"),22,674,872,81,10,Joy,Disgust,Fear,Surprise,Joy,Fear,Joy,Sadness,741977462028926976,62650,6638,154696,0.9947793186858032,false
ObjectId("5cf6de746b361d31fc1b34cd"),23,514,616,78,9,Fear,Surprise,Fear,Joy,Fear,Joy,Joy,Fear,1249831310,57737,45195,125873,0.8419765762236604,false
ObjectId("5cf6de746b361d31fc1b34ce"),24,187,270,13,2,Joy,Fear,Joy,Fear,Joy,Fear,Joy,Surprise,1459232030,58660,2896,35994,1.0686697677696617,false
ObjectId("5cf6de746b361d31fc1b34cf"),25,72,138,13,2,Joy,Fear,Joy,Fear,Joy,Surprise,Fear,Joy,5691492,48025,886,90523,1.1858072413090113,true
ObjectId("5cf6de746b361d31fc1b34d0"),26,47,85,15,2,Fear,Surprise,Fear,Joy,Joy,Fear,Joy,Fear,259827929,1583,4091,40686,0.693798751196931,false
ObjectId("5cf6de746b361d31fc1b34d1"),27,945,929,123,10,Joy,Fear,Fear,Joy,Fear,Joy,Joy,Fear,883334230968684544,30142,30322,210798,0.8171055523594706,false
ObjectId("5cf6de746b361d31fc1b34d2"),28,775,1996,75,1,Joy,Surprise,Joy,Fear,Joy,Fear,Joy,Fear,10111462,65506,597,110243,1.275263113502756,true
ObjectId("5cf6de746b361d31fc1b34d3"),29,282,439,24,9,Joy,Fear,Joy,Fear,Joy,Fear,Joy,Fear,4415520503,14200,619,5534,1.0949077171862518,false
ObjectId("5cf6de746b361d31fc1b34d4"),30,14,56,9,1,Joy,Fear,Fear,Joy,Fear,Joy,Joy,Fear,1897470739,4715,1292,13244,0.8934660751027279,false
ObjectId("5cf6de746b361d31fc1b34d5"),31,65,199,12,2,Joy,Fear,Joy,Fear,Joy,Fear,Joy,Surprise,4848860457,4888,686,2706,0.9614963863499455,false
ObjectId("5cf6de746b361d31fc1b34d6"),32,701,1017,82,23,Fear,Joy,Fear,Joy,Joy,Fear,Joy,Fear,703990775223169025,49465,2271,73724,1.0775635433488457,false
ObjectId("5cf6de746b361d31fc1b34d7"),33,1471,1516,57,1,Fear,Joy,Joy,Surprise,Joy,Surprise,Joy,Surprise,741977462028926976,62650,6638,154696,0.9947793186858032,false
ObjectId("5cf6de746b361d31fc1b34d8"),34,432,424,40,8,Joy,Fear,Joy,Surprise,Joy,Surprise,Surprise,Joy,924462918988632064,17635,12035,55066,0.8358261953264522,false
ObjectId("5cf6de746b361d31fc1b34d9"),35,74,321,14,1,Joy,Fear,Joy,Fear,Joy,Fear,Joy,Surprise,122898022,1712,835,3352,0.8244740674569964,false
ObjectId("5cf6de746b361d31fc1b34da"),36,8,23,7,8,Fear,Joy,Fear,Joy,Fear,Joy,Joy,Fear,814730968682680320,2435,3666,9539,0.741990927167157,false
ObjectId("5cf6de746b361d31fc1b34db"),37,1568,2293,65,1,Joy,Fear,Joy,Surprise,Joy,Surprise,Joy,Surprise,250386727,222423,8422,18731,1.0856192647449565,true
ObjectId("5cf6de746b361d31fc1b34dc"),38,192,231,34,8,Joy,Fear,Joy,Fear,Joy,Fear,Fear,Joy,928587764530065408,9781,0,38363,3.9904276584852636,false
ObjectId("5cf6de746b361d31fc1b34dd"),39,27,38,7,7,Fear,Surprise,Fear,Joy,Fear,Joy,Fear,Surprise,959842754674216960,1628,89,1606,1.0872232303359848,false
ObjectId("5cf6de746b361d31fc1b34de"),40,468,414,41,2,Fear,Joy,Joy,Surprise,Joy,Surprise,Joy,Surprise,795152429373222912,3942,3,3490,2.244501951573367,false
ObjectId("5cf6de746b361d31fc1b34df"),41,432,515,38,2,Joy,Surprise,Joy,,Joy,Fear,Joy,Surprise,954589053097189376,27400,1755,5306,1.0455273377731458,false
ObjectId("5cf6de746b361d31fc1b34e0"),42,12,0,10,32,Fear,Sadness,Joy,Fear,Joy,Surprise,Joy,Surprise,1608199141,4279,4937,91557,0.7737092241645663,false
ObjectId("5cf6de746b361d31fc1b34e1"),43,91,123,24,13,Joy,Fear,Joy,Surprise,Joy,Surprise,Surprise,Joy,971355728320479233,3751,4686,9888,0.765220127036531,false
ObjectId("5cf6de746b361d31fc1b34e2"),44,42,49,8,10,Fear,Anger,Joy,Fear,Joy,Fear,Joy,Surprise,26539922,9215,9216,16279,0.798563989270986,false
ObjectId("5cf6de746b361d31fc1b34e3"),45,779,1106,152,11,Joy,Fear,Joy,Fear,Fear,Joy,Fear,Joy,1249831310,57737,45195,125873,0.8419765762236604,false
ObjectId("5cf6de746b361d31fc1b34e4"),46,4016,4206,136,15,Joy,Surprise,Fear,Joy,Joy,Fear,Fear,Joy,741977462028926976,62650,6638,154696,0.9947793186858032,false
ObjectId("5cf6de746b361d31fc1b34e5"),47,34,47,6,11,Joy,Fear,Joy,Fear,Joy,Fear,Joy,Fear,2317865498,14776,13141,12220,0.8145852785108165,false
ObjectId("5cf6de746b361d31fc1b34e6"),48,48,84,9,1,Joy,Fear,Joy,Fear,Joy,Fear,Joy,Fear,5743162,76021,548,22049,1.305213227966018,true
ObjectId("5cf6de746b361d31fc1b34e7"),49,1506,7363,103,0,Joy,Surprise,Joy,Fear,Joy,Fear,Joy,Fear,862493306382626818,301383,794,27101,1.404770374646918,true
ObjectId("5cf6de746b361d31fc1b34e8"),50,344,469,27,3,Surprise,Joy,Joy,Surprise,Joy,Fear,Joy,Surprise,141161261,2527,1258,81476,0.8299404183302107,false
ObjectId("5cf6de746b361d31fc1b34e9"),51,9,7,9,14,Joy,Fear,Joy,Surprise,Joy,Surprise,Joy,Fear,941163760252866562,6064,6671,6561,0.7841272883727834,false
ObjectId("5cf6de746b361d31fc1b34ea"),52,24,74,11,2,Surprise,Joy,Fear,Joy,Fear,Joy,Fear,Joy,1670813678,1182,1146,5459,0.7569741935985363,false
ObjectId("5cf6de746b361d31fc1b34eb"),53,329,370,14,1,Fear,Joy,Joy,Fear,Joy,Fear,Fear,Joy,932549868131901440,19829,524,5926,1.1551448106727389,false
ObjectId("5cf6de746b361d31fc1b34ec"),54,31,46,14,45,Fear,Surprise,Fear,Joy,Fear,Joy,Fear,Joy,749684424,3785,3969,6802,0.7780699304231409,false
ObjectId("5cf6de746b361d31fc1b34ed"),55,2,10,7,3,Joy,Fear,Joy,Surprise,Joy,Fear,Joy,Surprise,900271822465380352,9786,892,18550,1.010073304411577,false
ObjectId("5cf6de746b361d31fc1b34ee"),56,2663,4440,82,0,Joy,Fear,Sadness,Joy,Sadness,Surprise,Sadness,Surprise,722242009,288150,2895,8943,1.2236366256133913,true
ObjectId("5cf6de746b361d31fc1b34ef"),57,65,84,11,6,Anger,Fear,Joy,Fear,Joy,Surprise,Joy,Surprise,3213896841,3273,3014,40270,0.7847406131208424,false
ObjectId("5cf6de746b361d31fc1b34f0"),58,7282,10290,96,5,Sadness,Fear,Fear,Joy,Fear,Joy,Fear,Sadness,997682274,79012,51828,39155,0.8570541836945618,false
ObjectId("5cf6de746b361d31fc1b34f1"),59,21,68,14,4,Anger,Joy,Joy,Anger,Joy,Fear,Joy,Fear,2476178880,16357,8250,247087,0.8570577765313887,false
ObjectId("5cf6de746b361d31fc1b34f2"),60,900,3225,94,1,Joy,Fear,Joy,Fear,Joy,Fear,Joy,Fear,19346439,288502,23404,146343,1.0169186936463472,true
ObjectId("5cf6de746b361d31fc1b34f3"),61,347,1111,35,1,Fear,Joy,Fear,Joy,Fear,Joy,Fear,Surprise,1389203360,33786,292,5437,1.3062943635976725,false
ObjectId("5cf6de746b361d31fc1b34f4"),62,352,815,51,5,Fear,Joy,Joy,Fear,Joy,Fear,Joy,Fear,938139949710405633,38539,6586,39448,0.9516930813158719,false
ObjectId("5cf6de746b361d31fc1b34f5"),63,390,562,79,7,Joy,Fear,Fear,Joy,Joy,Fear,Joy,Fear,941729680381550592,116942,777,18076,1.302493139452282,false
ObjectId("5cf6de746b361d31fc1b34f6"),64,1837,2420,167,6,Joy,Anger,Joy,,Joy,Surprise,Joy,Surprise,751630650,35866,8708,11715,0.9220089654214533,false
ObjectId("5cf6de746b361d31fc1b34f7"),65,34,210,21,1,Joy,Fear,Joy,Anger,Joy,Fear,Joy,Anger,116154256,4206,956,15593,0.9103372716254604,false
ObjectId("5cf6de746b361d31fc1b34f8"),66,3827,6289,436,2,Joy,Fear,Fear,Joy,Joy,Fear,Fear,Joy,9427572,133320,14423,39842,0.993373408952516,false
ObjectId("5cf6de746b361d31fc1b34f9"),67,58,285,17,1,Joy,Fear,Joy,,Joy,Fear,Joy,Anger,548531623,9289,164,11181,1.233266671347168,false
ObjectId("5cf6de746b361d31fc1b34fa"),68,29,54,9,10,Fear,Joy,Fear,Joy,Fear,Joy,Fear,Joy,948772260986458112,709,480,1007,0.7743470964829523,false
ObjectId("5cf6de746b361d31fc1b34fb"),69,117,426,35,6,Joy,Fear,Joy,Anger,Joy,Fear,Fear,Joy,938139949710405633,38539,6586,39448,0.9516930813158719,false
ObjectId("5cf6de746b361d31fc1b34fc"),70,2513,4003,101,1,Anger,Sadness,Fear,Joy,Joy,Fear,Disgust,Joy,45715838,50316,3849,200702,1.0253527436072831,true
ObjectId("5cf6de746b361d31fc1b34fd"),71,1443,1732,42,9,Joy,Fear,Joy,Sadness,Joy,Fear,Joy,Sadness,179732982,182245,132018,73609,0.8594952596275024,false
ObjectId("5cf6de746b361d31fc1b34fe"),72,496,757,39,10,Fear,Disgust,Fear,Joy,Fear,Joy,Fear,Joy,138168339,82272,3080,342563,1.0950311725658972,false
ObjectId("5cf6de746b361d31fc1b34ff"),73,116,114,13,4,Joy,Fear,Joy,Surprise,Joy,Surprise,Joy,Surprise,466953226,36637,34834,53736,0.8235147482026252,false
ObjectId("5cf6de746b361d31fc1b3500"),74,356,704,33,2,Joy,Fear,Joy,Fear,Joy,Fear,Fear,Joy,15384720,38663,4112,37503,0.9941805366765967,true
ObjectId("5cf6de746b361d31fc1b3501"),75,3149,5228,210,4,Surprise,Disgust,Surprise,Joy,Joy,Surprise,Joy,Surprise,1651522832,158938,311,58134,1.4885519046962576,true
ObjectId("5cf6de746b361d31fc1b3502"),76,400,869,28,3,Joy,Sadness,Joy,Fear,Joy,Fear,Joy,Anger,466183294,33169,6307,104356,0.9418432265816142,false
ObjectId("5cf6de746b361d31fc1b3503"),77,77,60,9,8,Surprise,Joy,Joy,Fear,Joy,Fear,Joy,Fear,799994953137057792,4987,1633,27951,0.8776893475619979,false
ObjectId("5cf6de746b361d31fc1b3504"),78,521,689,28,3,Joy,Surprise,Fear,Joy,Joy,Fear,Joy,Fear,56687115,27407,1950,86528,1.0344082107336539,true
ObjectId("5cf6de746b361d31fc1b3505"),79,1147,2362,85,6,Disgust,Fear,Fear,Joy,Joy,Disgust,Joy,Disgust,464419646,16544,1086,29369,1.0451999137851007,true
ObjectId("5cf6de746b361d31fc1b3506"),80,155,519,19,2,Joy,Fear,Joy,Surprise,Joy,Fear,Joy,Fear,1475038004,18298,662,25112,1.1153767546447413,false
ObjectId("5cf6de746b361d31fc1b3507"),81,419,332,7,4,Joy,Fear,Joy,Fear,Joy,Fear,Joy,Fear,21179585,65381,19,10177,2.0927402990638524,false
ObjectId("5cf6de746b361d31fc1b3508"),82,287,415,33,25,Fear,Surprise,Joy,Fear,Joy,Fear,Joy,Fear,1623794972,11222,39,10786,1.5565009939878032,false
ObjectId("5cf6de746b361d31fc1b3509"),83,197,1198,84,2,Joy,Fear,Joy,Fear,Joy,Fear,Joy,Fear,141376289,28926,2703,48406,1.0066102581489822,true
ObjectId("5cf6de746b361d31fc1b350a"),84,3121,8780,125,0,Fear,Joy,Fear,Joy,Fear,Joy,Joy,Fear,2181299862,19122,1391,32702,1.0332839762172696,true
ObjectId("5cf6de746b361d31fc1b350b"),85,2382,3220,95,3,Joy,Anger,Joy,Fear,Joy,Fear,Joy,Surprise,714128911823724545,30453,1873,24335,1.0493531777403315,false
ObjectId("5cf6de746b361d31fc1b350c"),86,414,1132,123,3,Anger,Joy,Joy,Fear,Joy,Fear,Joy,Fear,938139949710405633,38539,6586,39448,0.9516930813158719,false
ObjectId("5cf6de746b361d31fc1b350d"),87,2722,5683,453,8,Joy,Sadness,Joy,Fear,Joy,Fear,Joy,Sadness,1651522832,158938,311,58134,1.4885519046962576,true
ObjectId("5cf6de746b361d31fc1b350e"),88,2158,4310,241,0,Fear,Disgust,Joy,Fear,Joy,Fear,Fear,Joy,125604902,7962,3671,12828,0.8545804797114865,false
ObjectId("5cf6de746b361d31fc1b350f"),89,2123,3487,114,13,Joy,Fear,Fear,Joy,Joy,Fear,Joy,Fear,1651522832,158938,311,58134,1.4885519046962576,true
ObjectId("5cf6de746b361d31fc1b3510"),90,1268,6642,189,0,Joy,Fear,Joy,Fear,Joy,Fear,Joy,Fear,14211946,169745,8889,59603,1.0567596209594927,true
ObjectId("5cf6de746b361d31fc1b3511"),91,204,177,18,5,Joy,Fear,Joy,Fear,Joy,Fear,Joy,Anger,15117196,12069,11535,51017,0.8063340028170753,false
ObjectId("5cf6de746b361d31fc1b3512"),92,37,103,17,6,Joy,Fear,Joy,Fear,Joy,Fear,Fear,Joy,182980233,4136,661,7760,0.9465637118394634,false
ObjectId("5cf6de746b361d31fc1b3513"),93,483,993,65,2,Joy,Fear,Joy,Fear,Joy,Fear,Joy,Fear,19750159,74276,5401,27402,1.0292230701968113,true
ObjectId("5cf6de746b361d31fc1b3514"),94,2876,6680,144,12,Joy,Surprise,Joy,Fear,Joy,Fear,Joy,Fear,1651522832,158938,311,58134,1.4885519046962576,true
ObjectId("5cf6de746b361d31fc1b3515"),95,5238,8428,232,3,Joy,Fear,Fear,Joy,Joy,Fear,Joy,Fear,714128911823724545,30453,1873,24335,1.0493531777403315,false
ObjectId("5cf6de746b361d31fc1b3516"),96,1941,4838,161,10,Joy,Fear,Joy,Fear,Joy,Fear,Joy,Fear,1651522832,158938,311,58134,1.4885519046962576,true
ObjectId("5cf6de746b361d31fc1b3517"),97,3256,5095,376,2,Joy,Fear,Joy,Fear,Joy,Fear,Joy,Fear,9427572,133320,14423,39842,0.993373408952516,false
ObjectId("5cf6de746b361d31fc1b3518"),98,219,793,54,5,Fear,Joy,Fear,Joy,Fear,Surprise,Fear,Surprise,824787330493972480,39117,3671,56684,1.0060185225831288,false
ObjectId("5cf6de746b361d31fc1b3519"),99,1316,1699,80,21,Fear,Joy,Joy,Anger,Joy,Fear,Joy,Fear,815708250217840640,64892,32956,119855,0.8720992184208249,false
ObjectId("5cf6de746b361d31fc1b351a"),100,2026,3981,204,4,Joy,Anger,Joy,Fear,Joy,Fear,Fear,Joy,1651522832,158938,311,58134,1.4885519046962576,true
ObjectId("5cf6de746b361d31fc1b351b"),101,73,135,31,7,Joy,Fear,Joy,Fear,Joy,Fear,Fear,Joy,938139949710405633,38539,6586,39448,0.9516930813158719,false
ObjectId("5cf6de746b361d31fc1b351c"),102,2560,5660,165,11,Joy,Fear,Joy,Fear,Joy,Fear,Joy,Surprise,1651522832,158938,311,58134,1.4885519046962576,true
ObjectId("5cf6de746b361d31fc1b351d"),103,1200,2706,101,35,Fear,Joy,Joy,Fear,Joy,Fear,Joy,Fear,1128372518,11232,212,3397,1.2169572709492205,true
ObjectId("5cf6de746b361d31fc1b351e"),104,37,95,13,18,Joy,Fear,Joy,Fear,Joy,Fear,Joy,Disgust,312331735,7481,4576,34612,0.8312306505680942,false
ObjectId("5cf6de746b361d31fc1b351f"),105,1650,3634,134,9,Joy,Surprise,Joy,Fear,Joy,Fear,Joy,Fear,1651522832,158938,311,58134,1.4885519046962576,true
ObjectId("5cf6de746b361d31fc1b3520"),106,595,753,58,3,Joy,Fear,Fear,Joy,Joy,Fear,Joy,Fear,798626712892350464,5287,5603,28789,0.7840987502153125,false
ObjectId("5cf6de746b361d31fc1b3521"),107,10,42,14,23,Joy,Sadness,Joy,Fear,Joy,Fear,Joy,Fear,2706264739,1508,1735,7866,0.7497704824995962,false
ObjectId("5cf6de746b361d31fc1b3522"),108,201,206,42,6,Joy,Fear,Joy,Surprise,Joy,Surprise,Joy,Surprise,48499287,7099,7788,37331,0.7873398250055945,false
ObjectId("5cf6de746b361d31fc1b3523"),109,192,280,53,6,Sadness,Joy,Surprise,Fear,Fear,Surprise,Fear,Surprise,2331853451,7049,5539,144999,0.8112535459725593,false
ObjectId("5cf6de746b361d31fc1b3524"),110,86,189,29,2,Joy,Fear,Joy,Fear,Joy,Fear,Joy,Fear,829353948943351809,9124,8988,47427,0.7994476401624158,false
ObjectId("5cf6de746b361d31fc1b3525"),111,37,57,16,5,Joy,Fear,Joy,Fear,Joy,Fear,Joy,Fear,146456142,34111,14202,48494,0.8797695640516863,false
ObjectId("5cf6de746b361d31fc1b3526"),112,764,1128,65,3,Fear,Anger,Joy,Surprise,Joy,Surprise,Joy,Fear,19422491,60227,9577,115581,0.9595532473626968,true
ObjectId("5cf6de746b361d31fc1b3527"),113,93,81,17,3,Joy,Anger,Joy,Fear,Joy,Fear,Joy,Fear,838225775287414784,141,219,508,0.6439306305370129,false
ObjectId("5cf6de746b361d31fc1b3528"),114,45,129,25,4,Anger,Disgust,Fear,Joy,Fear,Anger,Fear,Anger,56649139,6242,1374,11592,0.9171376798060378,false
ObjectId("5cf6de746b361d31fc1b3529"),115,5180,6125,243,23,Fear,Joy,Fear,Joy,Fear,Surprise,Fear,Surprise,741977462028926976,62650,6638,154696,0.9947793186858032,false
ObjectId("5cf6de746b361d31fc1b352a"),116,192,411,40,3,Disgust,Fear,Joy,Anger,Joy,Fear,Joy,Disgust,4311670299,56320,1,60539,3.6514687386863263,false
ObjectId("5cf6de746b361d31fc1b352b"),117,1,26,11,11,Joy,Fear,Joy,Fear,Joy,Fear,Joy,Sadness,928472762963890176,8350,9010,27167,0.7915071975739881,false
ObjectId("5cf6de746b361d31fc1b352c"),118,472,973,39,5,Joy,Fear,Joy,Fear,Joy,Fear,Joy,Disgust,734348794611916800,17968,4076,78097,0.9228220157606568,false
ObjectId("5cf6de746b361d31fc1b352d"),119,493,746,29,2,Sadness,Surprise,Fear,Surprise,Joy,Fear,Joy,Sadness,19422491,60227,9577,115581,0.9595532473626968,true
ObjectId("5cf6de746b361d31fc1b352e"),120,1995,3267,120,24,Fear,Sadness,Fear,Joy,Joy,Fear,Joy,Fear,815708250217840640,64892,32956,119855,0.8720992184208249,false
ObjectId("5cf6de746b361d31fc1b352f"),121,22,68,20,37,Sadness,Surprise,Fear,Joy,Fear,Joy,Fear,Joy,1623794972,11222,39,10786,1.5565009939878032,false
ObjectId("5cf6de746b361d31fc1b3530"),122,291,370,34,37,Fear,Surprise,Fear,Joy,Joy,Fear,Surprise,Joy,1623794972,11222,39,10786,1.5565009939878032,false
ObjectId("5cf6de746b361d31fc1b3531"),123,276,280,29,21,Joy,Disgust,Joy,Fear,Joy,Fear,Joy,Fear,2942765893,10213,9645,5853,0.8043572500727707,false
ObjectId("5cf6de746b361d31fc1b3532"),124,140,202,14,17,Joy,Fear,Joy,Surprise,Joy,Fear,Joy,Surprise,770537353064517633,24071,462,12755,1.1953117897185659,false
ObjectId("5cf6de746b361d31fc1b3533"),125,15,42,13,6,Joy,Fear,Joy,Fear,Joy,Fear,Joy,Fear,1520011026,3536,248,5842,1.0448842064731478,false
ObjectId("5cf6de746b361d31fc1b3534"),126,85,219,27,3,Joy,Fear,Joy,Fear,Joy,Fear,Joy,Fear,43216109,4522,857,9340,0.9293093685692669,false
ObjectId("5cf6de746b361d31fc1b3535"),127,5524,6919,180,38,Fear,Joy,Joy,Fear,Joy,Fear,Fear,Joy,741977462028926976,62650,6638,154696,0.9947793186858032,false
ObjectId("5cf6de746b361d31fc1b3536"),128,217,796,36,1,Fear,Joy,Joy,Fear,Joy,Fear,Sadness,Joy,885894744097804288,648,755,721,0.7250815761980148,false
ObjectId("5cf6de746b361d31fc1b3537"),129,1226,2535,112,5,Fear,Joy,Joy,Fear,Joy,Fear,Joy,Fear,938139949710405633,38539,6586,39448,0.9516930813158719,false
ObjectId("5cf6de746b361d31fc1b3538"),130,139,288,48,6,Joy,Fear,Fear,Joy,Fear,Joy,Fear,Joy,1683989281,2999,2275,8240,0.798022444156645,false
ObjectId("5cf6de746b361d31fc1b3539"),131,174,219,23,6,Surprise,Fear,Fear,Joy,Joy,Fear,Joy,Disgust,962323206307684358,7368,4775,2385,0.8265346004210499,false
ObjectId("5cf6de746b361d31fc1b353a"),132,585,1267,47,2,Joy,Fear,Joy,Surprise,Joy,Surprise,Joy,Surprise,57029492,32005,760,32045,1.1607278843243072,false
ObjectId("5cf6de746b361d31fc1b353b"),133,870,3796,117,1,Fear,Sadness,Joy,Fear,Joy,Fear,Fear,Joy,95066790,21759,113,6198,1.418970855154267,false
ObjectId("5cf6de746b361d31fc1b353c"),134,2666,2630,497,9,Fear,Joy,Fear,Joy,Fear,Joy,Fear,Joy,1249831310,57737,45195,125873,0.8419765762236604,false
ObjectId("5cf6de746b361d31fc1b353d"),135,101,72,21,6,Joy,Sadness,Joy,Fear,Joy,Fear,Joy,Fear,14852216,4176,4149,62776,0.7840681602781627,false
ObjectId("5cf6de746b361d31fc1b353e"),136,42,108,16,2,Fear,Sadness,Joy,Fear,Joy,Fear,Joy,Anger,1675563421,19221,2981,191665,0.9573787595008737,false
ObjectId("5cf6de746b361d31fc1b353f"),137,837,1904,64,3,Joy,Anger,Joy,Fear,Joy,Fear,Joy,Fear,839188838593540097,12671,2762,55086,0.9237769222133587,false
ObjectId("5cf6de746b361d31fc1b3540"),138,506,428,35,2,Joy,Fear,Fear,Joy,Joy,Fear,Joy,Disgust,17733956,2774,708,14690,0.8942039276415109,false
ObjectId("5cf6de746b361d31fc1b3541"),139,56,135,12,30,Joy,Surprise,Joy,Fear,Joy,Fear,Joy,Fear,1623794972,11222,39,10786,1.5565009939878032,false
ObjectId("5cf6de746b361d31fc1b3542"),140,16396,47536,876,11,Joy,Anger,Fear,Joy,Fear,Joy,Fear,Joy,138168339,82272,3080,342563,1.0950311725658972,false
ObjectId("5cf6de746b361d31fc1b3543"),141,88,76,23,21,Fear,Joy,Fear,Joy,Fear,Joy,Fear,Joy,35301840,10568,11091,33648,0.7976265674094035,false
ObjectId("5cf6de746b361d31fc1b3544"),142,9,201,27,0,Joy,Fear,Joy,Fear,Joy,Fear,Joy,Disgust,605750552,58365,492,47783,1.2906464944226217,false
ObjectId("5cf6de746b361d31fc1b3545"),143,78,138,22,53,Fear,Joy,Joy,Fear,Joy,Fear,Fear,Joy,1623794972,11222,39,10786,1.5565009939878032,false
ObjectId("5cf6de746b361d31fc1b3546"),144,332,552,39,10,Joy,Surprise,Joy,Surprise,Joy,Surprise,Joy,Surprise,54746171,36277,10316,97164,0.909463397495714,false
ObjectId("5cf6de746b361d31fc1b3547"),145,8,41,13,9,Fear,Sadness,Joy,Fear,Joy,Fear,Joy,Fear,822259,2032,2700,8044,0.7465009650272779,false
ObjectId("5cf6de746b361d31fc1b3548"),146,19,72,11,40,Joy,Fear,Fear,Joy,Joy,Fear,Joy,Fear,749684424,3785,3969,6802,0.7780699304231409,false
ObjectId("5cf6de746b361d31fc1b3549"),147,341,852,57,2,Fear,Joy,Joy,Fear,Joy,Fear,Fear,Joy,43081691,36688,4618,15520,0.9785591040495691,true
ObjectId("5cf6de746b361d31fc1b354a"),148,2809,5345,174,11,Joy,Fear,Joy,Fear,Joy,Fear,Fear,Joy,1651522832,158938,311,58134,1.4885519046962576,true
ObjectId("5cf6de746b361d31fc1b354b"),149,1974,5092,208,9,Joy,Fear,Joy,Fear,Joy,Fear,Joy,Fear,1651522832,158938,311,58134,1.4885519046962576,true
ObjectId("5cf6de746b361d31fc1b354c"),150,1755,1711,86,4,Joy,Fear,Fear,Joy,Fear,Joy,Fear,Joy,868653017259704321,6471,4867,8585,0.8130474672312723,false
ObjectId("5cf6de746b361d31fc1b354d"),151,475,999,52,13,Sadness,Joy,Joy,Fear,Joy,Fear,Joy,Fear,138168339,82272,3080,342563,1.0950311725658972,false
ObjectId("5cf6de746b361d31fc1b354e"),152,43,47,15,24,Anger,Fear,Joy,Fear,Fear,Joy,Joy,Fear,856184187057057797,5400,751,64997,0.9629165157321219,false
ObjectId("5cf6de746b361d31fc1b354f"),153,74,151,21,37,Fear,Joy,Fear,Joy,Fear,Joy,Joy,Fear,1623794972,11222,39,10786,1.5565009939878032,false
ObjectId("5cf6de746b361d31fc1b3550"),154,464,951,15,2,Fear,Joy,Joy,Fear,Joy,Fear,Joy,Fear,2476178880,16357,8250,247087,0.8570577765313887,false
ObjectId("5cf6de746b361d31fc1b3551"),155,103,598,14,2,Joy,Fear,Joy,Anger,Joy,Fear,Joy,Fear,876381417621639169,6569,6664,41413,0.7914020581039451,false
ObjectId("5cf6de746b361d31fc1b3552"),156,66,145,28,10,Joy,Fear,Joy,Fear,Fear,Joy,Fear,Joy,19895040,5636,6079,97536,0.7840977504380292,false
ObjectId("5cf6de746b361d31fc1b3553"),157,103,120,16,23,Sadness,Joy,Fear,Joy,Fear,Joy,Surprise,Fear,824507739405574144,2133,3998,7334,0.7234310236518651,false
ObjectId("5cf6de746b361d31fc1b3554"),158,81,80,18,8,Joy,Sadness,Fear,Joy,Fear,Joy,Joy,Fear,146456142,34111,14202,48494,0.8797695640516863,false
ObjectId("5cf6de746b361d31fc1b3555"),159,211,598,25,6,Joy,Fear,Sadness,Joy,Joy,Sadness,Joy,Fear,943788254,10611,10617,156642,0.8009874696220625,false
ObjectId("5cf6de746b361d31fc1b3556"),160,29,42,16,12,Joy,Fear,Joy,Disgust,Joy,Disgust,Joy,Disgust,1520011026,3536,248,5842,1.0448842064731478,false
ObjectId("5cf6de746b361d31fc1b3557"),161,5130,10032,261,8,Anger,Surprise,Joy,Fear,Joy,Fear,Anger,Joy,1651522832,158938,311,58134,1.4885519046962576,true
ObjectId("5cf6de746b361d31fc1b3558"),162,769,1607,55,2,Fear,Joy,Fear,Joy,Joy,Fear,Fear,Joy,734348794611916800,17968,4076,78097,0.9228220157606568,false
ObjectId("5cf6de746b361d31fc1b3559"),163,523,505,51,3,Joy,Surprise,Joy,Fear,Joy,Fear,Fear,Joy,2713427480,78823,74681,231175,0.8337269597885978,false
ObjectId("5cf6de746b361d31fc1b355a"),164,269,654,27,3,Disgust,Surprise,Joy,Fear,Joy,Fear,Joy,Surprise,55182051,7272,5537,28636,0.8141316126230645,false
ObjectId("5cf6de746b361d31fc1b355b"),165,37,108,19,24,Anger,Joy,Fear,Joy,Joy,Fear,Surprise,Joy,919470041770242048,102,149,1592,0.6337466591887636,false
ObjectId("5cf6de746b361d31fc1b355c"),166,56,172,20,4,Joy,Sadness,Joy,Sadness,Joy,Fear,Joy,Sadness,239468506,3900,3120,69302,0.7990523395132357,false
ObjectId("5cf6de746b361d31fc1b355d"),167,4223,7465,460,12,Joy,Anger,Joy,Fear,Joy,Fear,Joy,Fear,138168339,82272,3080,342563,1.0950311725658972,false
ObjectId("5cf6de746b361d31fc1b355e"),168,2019,2540,79,7,Joy,Fear,Joy,Fear,Joy,Fear,Fear,Joy,67835392,15612,1100,159285,1.0375326628459471,false
ObjectId("5cf6de746b361d31fc1b355f"),169,132,491,22,5,Joy,Anger,Joy,Fear,Joy,Fear,Joy,Fear,307240276,929,3343,3003,0.6561247221558758,false
ObjectId("5cf6de746b361d31fc1b3560"),170,69,94,29,5,Joy,Fear,Joy,Fear,Joy,Fear,Fear,Surprise,1683989281,2999,2275,8240,0.798022444156645,false
ObjectId("5cf6de746b361d31fc1b3561"),171,2216,6200,342,0,Joy,Fear,Joy,Sadness,Joy,Fear,Joy,Fear,890634935438118912,21327,110,33002,1.421507722571535,false
ObjectId("5cf6de746b361d31fc1b3562"),172,176,386,34,55,Fear,Joy,Joy,Fear,Joy,Fear,Joy,Fear,1623794972,11222,39,10786,1.5565009939878032,false
ObjectId("5cf6de746b361d31fc1b3563"),173,4603,19873,162,0,Fear,Joy,Joy,Fear,Joy,Fear,Joy,Fear,793023,32154,382,2333,1.2578840299520193,true
ObjectId("5cf6de746b361d31fc1b3564"),174,2783,13347,222,0,Joy,Fear,Joy,Fear,Joy,Fear,Joy,Fear,83941972,11917,364,2496,1.144263971600972,false
ObjectId("5cf6de746b361d31fc1b3565"),175,555,749,70,4,Joy,Anger,Joy,Fear,Joy,Fear,Joy,Surprise,928065895477395456,2653,362,13761,0.9617951477852832,false
ObjectId("5cf6de746b361d31fc1b3566"),176,91,935,44,4,Fear,Joy,Joy,Fear,Joy,Fear,Joy,Fear,2870404633,1287,285,638,0.8997646178719072,false
ObjectId("5cf6de746b361d31fc1b3567"),177,136,303,38,18,Surprise,Fear,Joy,Fear,Joy,Fear,Joy,Fear,1611074784,20880,5074,38757,0.9180342162999277,true
ObjectId("5cf6de746b361d31fc1b3568"),178,1892,2501,79,43,Joy,Fear,Joy,Fear,Joy,Fear,Joy,Fear,815708250217840640,64892,32956,119855,0.8720992184208249,false
ObjectId("5cf6de746b361d31fc1b3569"),179,231,267,30,4,Fear,Disgust,Fear,Joy,Fear,Joy,Fear,Joy,373157754,170561,834,305674,1.3340898903048513,false
ObjectId("5cf6de746b361d31fc1b356a"),180,307,431,31,7,Fear,Joy,Fear,Joy,Fear,Joy,Joy,Fear,1675563421,19221,2981,191665,0.9573787595008737,false
ObjectId("5cf6de746b361d31fc1b356b"),181,107,307,41,0,Joy,Surprise,Joy,Fear,Joy,Fear,Joy,Fear,1726074810,68152,604,25465,1.2781061964043554,true
ObjectId("5cf6de746b361d31fc1b356c"),182,36,110,36,51,Fear,Surprise,Fear,Joy,Fear,Joy,Fear,Surprise,1623794972,11222,39,10786,1.5565009939878032,false
ObjectId("5cf6de746b361d31fc1b356d"),183,262,378,36,12,Joy,Fear,Joy,Fear,Joy,Fear,Joy,Surprise,1611074784,20880,5074,38757,0.9180342162999277,true
ObjectId("5cf6de746b361d31fc1b356e"),184,2821,4931,219,3,Joy,Fear,Joy,Fear,Joy,Fear,Joy,Fear,714128911823724545,30453,1873,24335,1.0493531777403315,false
ObjectId("5cf6de746b361d31fc1b356f"),185,1,32,18,1,Joy,Surprise,Joy,Fear,Joy,Fear,Joy,Fear,2686369279,1616,1210,19326,0.785842945391699,false
ObjectId("5cf6de746b361d31fc1b3570"),186,57,78,22,9,Fear,Joy,Fear,Joy,Fear,Joy,Fear,Joy,146456142,34111,14202,48494,0.8797695640516863,false
ObjectId("5cf6de746b361d31fc1b3571"),187,25,53,17,29,Joy,Fear,Joy,Fear,Joy,Fear,Joy,Fear,714509850542084098,1461,1335,22095,0.7671099952781181,false
ObjectId("5cf6de746b361d31fc1b3572"),188,1516,2299,124,36,Joy,Surprise,Fear,Joy,Fear,Joy,Joy,Fear,815708250217840640,64892,32956,119855,0.8720992184208249,false
ObjectId("5cf6de746b361d31fc1b3573"),189,17,52,18,15,Fear,Joy,Joy,Fear,Joy,Surprise,Fear,Joy,202080798,1785,884,21355,0.8238987062962245,false
ObjectId("5cf6de746b361d31fc1b3574"),190,156,179,23,8,Joy,Surprise,Joy,Surprise,Joy,Surprise,Joy,Surprise,786259108936552448,2856,965,46601,0.8672346492215255,false
ObjectId("5cf6de746b361d31fc1b3575"),191,215,187,22,29,Fear,Joy,Joy,Fear,Joy,Fear,Joy,Fear,799994953137057792,4987,1633,27951,0.8776893475619979,false
ObjectId("5cf6de746b361d31fc1b3576"),192,768,905,86,18,Fear,Joy,Joy,Surprise,Joy,Surprise,Joy,Surprise,924462918988632064,17635,12035,55066,0.8358261953264522,false
ObjectId("5cf6de746b361d31fc1b3577"),193,93,85,29,11,Joy,Disgust,Fear,Joy,Fear,Joy,Fear,Joy,583821006,9128,1385,32752,0.9562167093781738,true
ObjectId("5cf6de746b361d31fc1b3578"),194,388,585,46,13,Fear,Joy,Fear,Joy,Joy,Fear,Joy,Fear,1611074784,20880,5074,38757,0.9180342162999277,true
ObjectId("5cf6de746b361d31fc1b3579"),195,55,69,24,53,Joy,Fear,Fear,Joy,Fear,Joy,Fear,Joy,1623794972,11222,39,10786,1.5565009939878032,false
ObjectId("5cf6de746b361d31fc1b357a"),196,489,592,49,12,Joy,Fear,Joy,Fear,Joy,Fear,Joy,Fear,830946630819991552,60418,40721,48048,0.8522850603976547,false
ObjectId("5cf6de746b361d31fc1b357b"),197,364,1110,50,10,Joy,Fear,Joy,Fear,Joy,Fear,Joy,Fear,1535595181,8531,9080,27746,0.7928489032198671,false
ObjectId("5cf6de746b361d31fc1b357c"),198,729,3906,79,0,Joy,Surprise,Joy,Sadness,Joy,Fear,Joy,Fear,14533639,7129,178,660,1.1845261661548712,false
ObjectId("5cf6de746b361d31fc1b357d"),199,2390,5544,514,16,Joy,Fear,Joy,Fear,Joy,Fear,Joy,Fear,138168339,82272,3080,342563,1.0950311725658972,false
ObjectId("5cf6de746b361d31fc1b357e"),200,40,137,29,1,Joy,Fear,Joy,Fear,Joy,Fear,Disgust,Joy,138579043,11395,1368,140356,0.9807438977930252,false
ObjectId("5cf6de746b361d31fc1b357f"),201,100,427,48,9,Joy,Fear,Joy,Fear,Joy,Fear,Fear,Joy,131942721,3007,1388,9129,0.8396156966140567,false
ObjectId("5cf6de746b361d31fc1b3580"),202,63,63,21,14,Joy,Fear,Joy,Fear,Joy,Fear,Fear,Joy,15117196,12069,11535,51017,0.8063340028170753,false
ObjectId("5cf6de746b361d31fc1b3581"),203,8,19,19,14,Fear,Joy,Fear,Joy,Fear,Joy,Joy,Fear,343660172,709,789,22086,0.7315369792791208,false
ObjectId("5cf6de746b361d31fc1b3582"),204,3467,5299,151,5,Joy,Fear,Joy,Fear,Joy,Fear,Joy,Sadness,1651522832,158938,311,58134,1.4885519046962576,true
ObjectId("5cf6de746b361d31fc1b3583"),205,2471,12303,174,0,Fear,Surprise,Joy,Fear,Joy,Fear,Joy,Surprise,14533639,7129,178,660,1.1845261661548712,false
ObjectId("5cf6de746b361d31fc1b3584"),206,24,25,20,11,Anger,Surprise,Fear,Joy,Fear,Joy,Surprise,Fear,67835392,15612,1100,159285,1.0375326628459471,false
ObjectId("5cf6de746b361d31fc1b3585"),207,2038,4818,209,1,Joy,Surprise,Surprise,Joy,Surprise,Joy,Fear,Surprise,26642006,3577160,4036,56970,1.4228082713988874,true
ObjectId("5cf6de746b361d31fc1b3586"),208,492,715,37,12,Joy,Anger,Joy,Fear,Joy,Fear,Joy,Surprise,15117196,12069,11535,51017,0.8063340028170753,false
ObjectId("5cf6de746b361d31fc1b3587"),209,242,260,23,17,Joy,Fear,Joy,Fear,Joy,Fear,Joy,Fear,799994953137057792,4987,1633,27951,0.8776893475619979,false
ObjectId("5cf6de746b361d31fc1b3588"),210,34,77,24,13,Joy,Disgust,Fear,Joy,Fear,Joy,Fear,Joy,146456142,34111,14202,48494,0.8797695640516863,false
ObjectId("5cf6de746b361d31fc1b3589"),211,44,231,41,2,Sadness,Surprise,Joy,,Joy,Surprise,Joy,Surprise,36636494,3245452,10,848817,3.1896241088188004,true
ObjectId("5cf6de746b361d31fc1b358a"),212,29517,32498,343,13,Surprise,Fear,Joy,Surprise,Joy,Surprise,Surprise,Joy,741977462028926976,62650,6638,154696,0.9947793186858032,false
ObjectId("5cf6de746b361d31fc1b358b"),213,3,8,20,1,Joy,Disgust,Joy,Anger,Joy,Fear,Joy,Fear,26313996,4311,1093,51782,0.8998918455693147,false
ObjectId("5cf6de746b361d31fc1b358c"),214,24,62,18,2,Joy,Fear,Joy,Fear,Joy,Fear,Joy,Fear,377766775,13655,2523,26276,0.9394001754119892,false
ObjectId("5cf6de746b361d31fc1b358d"),215,23,102,23,1,Fear,Joy,Joy,Fear,Joy,Fear,Joy,Fear,2739738508,11013,760,26971,1.041366787776268,false
ObjectId("5cf6de746b361d31fc1b358e"),216,1809,2474,151,5,Joy,Fear,Joy,Fear,Joy,Fear,Joy,Fear,6679982,3757,15,11753,1.6219429086871886,false
ObjectId("5cf6de746b361d31fc1b358f"),217,830,1980,124,17,Joy,Fear,Joy,Fear,Joy,Fear,Joy,Fear,749684424,3785,3969,6802,0.7780699304231409,false
ObjectId("5cf6de746b361d31fc1b3590"),218,26,53,19,0,Fear,Joy,Fear,Joy,Joy,Fear,Joy,Surprise,227835612,771,577,34479,0.7675897636431329,false
ObjectId("5cf6de746b361d31fc1b3591"),219,857,2294,87,1,Joy,Fear,Joy,Fear,Joy,Fear,Joy,Fear,83932539,184948,58009,45917,0.913862994504708,false
ObjectId("5cf6de746b361d31fc1b3592"),220,107,76,19,29,Surprise,Fear,Joy,Fear,Joy,Fear,Disgust,Fear,799994953137057792,4987,1633,27951,0.8776893475619979,false
ObjectId("5cf6de746b361d31fc1b3593"),221,1085,1459,36,13,Fear,Joy,Joy,Surprise,Joy,Surprise,Joy,Surprise,741977462028926976,62650,6638,154696,0.9947793186858032,false
ObjectId("5cf6de746b361d31fc1b3594"),222,84,125,29,9,Fear,Joy,Joy,Fear,Joy,Fear,Joy,Fear,146456142,34111,14202,48494,0.8797695640516863,false
ObjectId("5cf6de746b361d31fc1b3595"),223,725,556,82,0,Surprise,Joy,Joy,Surprise,Joy,Surprise,Joy,Surprise,2314000758,1783,123,1256,1.0510674524703814,false
ObjectId("5cf6de746b361d31fc1b3596"),224,133,512,26,0,Joy,Fear,Joy,Fear,Joy,Fear,Joy,Fear,801570398848581632,16651,270,25595,1.229683706590774,false
ObjectId("5cf6de746b361d31fc1b3597"),225,764,746,48,2,Joy,Fear,Joy,Fear,Joy,Fear,Joy,Fear,4541535439,87326,7208,92479,1.0171419632779681,false
ObjectId("5cf6de746b361d31fc1b3598"),226,1845,6621,147,1,Fear,Joy,Fear,Joy,Fear,Joy,Fear,Disgust,20234090,2270,649,36510,0.8802238132090087,false
ObjectId("5cf6de746b361d31fc1b3599"),227,51,79,20,24,Fear,Joy,Fear,Joy,Fear,Joy,Fear,Joy,749684424,3785,3969,6802,0.7780699304231409,false
ObjectId("5cf6de746b361d31fc1b359a"),228,1508,3060,105,5,Joy,Surprise,Joy,Fear,Joy,Fear,Joy,Fear,280577215,25280,799,36292,1.1280278608267686,false
ObjectId("5cf6de746b361d31fc1b359b"),229,1430,2626,83,0,Joy,Disgust,Joy,Fear,Joy,Fear,Joy,Fear,879548970082721792,51217,2940,38261,1.0539169429458746,false
ObjectId("5cf6de746b361d31fc1b359c"),230,280,518,24,6,Joy,Sadness,Fear,Joy,Fear,Joy,Fear,Joy,2554131522,33786,237,51069,1.3412250599955906,false
ObjectId("5cf6de746b361d31fc1b359d"),231,8358,19823,225,1,Fear,Joy,Joy,Surprise,Joy,Fear,Surprise,Joy,3223426134,670013,37,51875,2.258361470728224,true
ObjectId("5cf6de746b361d31fc1b359e"),232,18043,66301,590,0,Fear,Joy,Joy,Fear,Joy,Fear,Surprise,Joy,784575415457308672,192307,1082,84211,1.3096614491376248,false
ObjectId("5cf6de746b361d31fc1b359f"),233,529,1678,100,1,Fear,Joy,Fear,Joy,Fear,Joy,Joy,Fear,55376380,66228,1617,50294,1.1454200057902,true
ObjectId("5cf6de746b361d31fc1b35a0"),234,327,2009,76,1,Fear,Joy,Joy,Fear,Joy,Fear,Joy,Surprise,61802282,67162,767,94137,1.2423890118220557,true
ObjectId("5cf6de746b361d31fc1b35a1"),235,30317,76123,634,0,Fear,Joy,Fear,Joy,Fear,Joy,Surprise,Sadness,215207998,457881,1985,72883,1.3170732685168445,true
ObjectId("5cf6de746b361d31fc1b35a2"),236,13040,25577,615,0,Joy,Fear,Joy,Fear,Joy,Fear,Joy,Anger,3223426134,670013,37,51875,2.258361470728224,true
ObjectId("5cf6de746b361d31fc1b35a3"),237,415,544,28,6,Joy,Surprise,Joy,Fear,Joy,Fear,Joy,Surprise,248692627,2396,3638,35367,0.7409956875174015,false
ObjectId("5cf6de746b361d31fc1b35a4"),238,11849,47106,336,0,Joy,Fear,Joy,Fear,Joy,Fear,Joy,Disgust,71669770,7743,339,98359,1.1012285321973523,false
ObjectId("5cf6de746b361d31fc1b35a5"),239,459,2554,42,0,Fear,Joy,Joy,Anger,Joy,Fear,Joy,Anger,2735655330,51541,2113,77738,1.0894906100906308,false
ObjectId("5cf6de746b361d31fc1b35a6"),240,1017,796,58,0,Fear,Anger,Joy,Fear,Joy,Fear,Fear,Joy,89880085,31865,748,129371,1.1623044741700972,false
ObjectId("5cf6de746b361d31fc1b35a7"),241,206,1635,108,0,Joy,Anger,Joy,Sadness,Joy,Fear,Surprise,Joy,288260844,25970,6564,58194,0.9163947615745573,false
ObjectId("5cf6de746b361d31fc1b35a8"),242,2128,6190,125,3,Sadness,Joy,Joy,Fear,Joy,Fear,Joy,Surprise,854483338530349056,21385,300,8730,1.2448028715197252,false
ObjectId("5cf6de746b361d31fc1b35a9"),243,1393,2919,59,2,Joy,Surprise,Joy,Fear,Joy,Fear,Joy,Fear,1001734520,20689,1844,22484,1.0116652982911187,true
ObjectId("5cf6de746b361d31fc1b35aa"),244,27,206,39,1,Anger,Joy,Joy,Surprise,Joy,Surprise,Joy,Surprise,14363791,3892,333,30689,1.0188827253984603,false
ObjectId("5cf6de746b361d31fc1b35ab"),245,449,638,58,0,Fear,Joy,Joy,Surprise,Joy,Fear,Joy,Fear,920397770392977408,1055,1264,14891,0.7371031671273311,false
ObjectId("5cf6de746b361d31fc1b35ac"),246,551,902,76,0,Joy,Surprise,Joy,Surprise,Joy,Fear,Joy,Fear,382017393,1479,1018,4375,0.7909490880024775,false
ObjectId("5cf6de746b361d31fc1b35ad"),247,3101,9595,266,0,Disgust,Anger,Joy,Fear,Joy,Fear,Fear,Disgust,1488812412,370,42,392,0.9756615478614367,false
ObjectId("5cf6de746b361d31fc1b35ae"),248,975,1274,42,0,Joy,Surprise,Joy,Surprise,Joy,Fear,Joy,Fear,309806532,2045,165,9380,1.0281970476933124,false
ObjectId("5cf6de746b361d31fc1b35af"),249,7187,12417,153,0,Joy,Fear,Joy,Fear,Joy,Fear,Joy,Surprise,536904693,75307,710,43065,1.2660971474761018,false
ObjectId("5cf6de746b361d31fc1b35b0"),250,2725,4337,320,0,Fear,Anger,Fear,Joy,Fear,Joy,Fear,Joy,9427572,133320,14423,39842,0.993373408952516,false
ObjectId("5cf6de746b361d31fc1b35b1"),251,186,1538,47,3,Anger,Fear,Anger,Surprise,Surprise,Joy,Joy,Surprise,951174252354514944,6741,0,1751,3.828788748184953,false
ObjectId("5cf6de746b361d31fc1b35b2"),252,1815,2461,71,2,Joy,Fear,Joy,Surprise,Joy,Surprise,Joy,Surprise,22929686,58465,992,63417,1.192635454160456,false
ObjectId("5cf6de746b361d31fc1b35b3"),253,774,1543,81,5,Joy,Fear,Joy,Surprise,Joy,Surprise,Joy,Surprise,380648579,1601699,664,196204,1.6230370525396618,true
ObjectId("5cf6de746b361d31fc1b35b4"),254,532,617,35,3,Joy,Fear,Joy,Fear,Joy,Fear,Joy,Fear,62236036,14939,14688,92843,0.8078879183467911,false
ObjectId("5cf6de746b361d31fc1b35b5"),255,2741,6112,40,13,Joy,Anger,Joy,Fear,Joy,Fear,Joy,Surprise,986802868014534657,10770,11831,34477,0.7948373343909167,false
ObjectId("5cf6de746b361d31fc1b35b6"),256,365,2008,62,0,Joy,Fear,Joy,Fear,Joy,Fear,Joy,Fear,240049622,22119,576,16389,1.1551667187254575,false
ObjectId("5cf6de746b361d31fc1b35b7"),257,684,2007,110,1,Joy,Surprise,Joy,Fear,Joy,Fear,Joy,Fear,138579043,11395,1368,140356,0.9807438977930252,false
ObjectId("5cf6de746b361d31fc1b35b8"),258,52,65,24,1,Sadness,Joy,Joy,Fear,Joy,Fear,Joy,Disgust,3400228798,6234,153,12221,1.190529188722804,false
ObjectId("5cf6de746b361d31fc1b35b9"),259,771,1166,39,13,Joy,Fear,Joy,Fear,Joy,Fear,Fear,Joy,294991606,50321,35443,43951,0.847233389118008,false
ObjectId("5cf6de746b361d31fc1b35ba"),260,300,668,60,1,Joy,Fear,Joy,Fear,Joy,Fear,Joy,Surprise,138579043,11395,1368,140356,0.9807438977930252,false
ObjectId("5cf6de746b361d31fc1b35bb"),261,1793,2895,107,32,Fear,Anger,Joy,Fear,Joy,Fear,Joy,Surprise,815708250217840640,64892,32956,119855,0.8720992184208249,false
ObjectId("5cf6de746b361d31fc1b35bc"),262,778,936,66,22,Joy,Fear,Joy,Fear,Joy,Fear,Joy,Fear,62236036,14939,14688,92843,0.8078879183467911,false
ObjectId("5cf6de746b361d31fc1b35bd"),263,601,1108,34,10,Joy,Anger,Joy,Fear,Joy,Fear,Joy,Fear,937937995,20545,17735,72095,0.8216509552974933,false
ObjectId("5cf6de746b361d31fc1b35be"),264,367,1049,43,7,Fear,Joy,Joy,Fear,Joy,Fear,Joy,Fear,392212735,22961,20014,7984,0.822621617229562,false
ObjectId("5cf6de746b361d31fc1b35bf"),265,392,560,37,10,Fear,Joy,Joy,Fear,Joy,Fear,Joy,Fear,861367364646055936,11265,6491,20436,0.8419474356616145,false
ObjectId("5cf6de746b361d31fc1b35c0"),266,338,802,35,3,Fear,Joy,Joy,Surprise,Joy,Surprise,Joy,Fear,2148045894,3767,365,78607,1.0035442334121527,false
ObjectId("5cf6de746b361d31fc1b35c1"),267,143,271,30,5,Joy,Fear,Fear,Joy,Fear,Joy,Joy,Fear,3918098141,11376,1096,9730,1.0039159211322684,false
ObjectId("5cf6de746b361d31fc1b35c2"),268,529,531,114,122,Fear,Joy,Joy,Fear,Joy,Fear,Joy,Fear,785327755214725120,32138,34164,97546,0.8144874021772059,false
ObjectId("5cf6de746b361d31fc1b35c3"),269,330,779,44,60,Joy,Fear,Joy,Fear,Joy,Fear,Joy,Fear,1623794972,11222,39,10786,1.5565009939878032,false
ObjectId("5cf6de746b361d31fc1b35c4"),270,671,465,47,33,Joy,Fear,Joy,Fear,Joy,Fear,Joy,Fear,799994953137057792,4987,1633,27951,0.8776893475619979,false
ObjectId("5cf6de746b361d31fc1b35c5"),271,5088,13243,347,12,Joy,Surprise,Joy,Surprise,Joy,Fear,Joy,Surprise,1651522832,158938,311,58134,1.4885519046962576,true
ObjectId("5cf6de746b361d31fc1b35c6"),272,16230,31799,82,11,Joy,Fear,Joy,Fear,Joy,Fear,Sadness,Joy,941729680381550592,116942,777,18076,1.302493139452282,false
ObjectId("5cf6de746b361d31fc1b35c7"),273,123,98,24,30,Fear,Joy,Joy,Fear,Joy,Fear,Joy,Fear,799994953137057792,4987,1633,27951,0.8776893475619979,false
ObjectId("5cf6de746b361d31fc1b35c8"),274,164,115,25,26,Fear,Joy,Joy,Fear,Joy,Fear,Joy,Surprise,799994953137057792,4987,1633,27951,0.8776893475619979,false
ObjectId("5cf6de746b361d31fc1b35c9"),275,261,960,40,3,Surprise,Disgust,Joy,Fear,Joy,Fear,Joy,Fear,280577215,25280,799,36292,1.1280278608267686,false
ObjectId("5cf6de746b361d31fc1b35ca"),276,369,1267,67,0,Anger,Fear,Fear,Joy,Joy,Fear,Joy,Surprise,961654698,961,1238,30734,0.7288353533911596,false
ObjectId("5cf6de746b361d31fc1b35cb"),277,75,114,28,1,Fear,Disgust,Joy,Fear,Joy,Fear,Joy,Fear,2963997807,6173,635,25978,0.9966108489959562,false
ObjectId("5cf6de746b361d31fc1b35cc"),278,15383,43262,527,0,Fear,Joy,Joy,Fear,Joy,Fear,Fear,Joy,3223426134,670013,37,51875,2.258361470728224,true
ObjectId("5cf6de746b361d31fc1b35cd"),279,112,593,68,0,Fear,Surprise,Joy,Sadness,Joy,Fear,Joy,Sadness,15626406,42261,3010,17847,1.0328753737869556,false
ObjectId("5cf6de746b361d31fc1b35ce"),280,487,1588,137,0,Sadness,Joy,Joy,Fear,Joy,Fear,Joy,Fear,110213124,26278,6609,108575,0.9168929705647025,false
ObjectId("5cf6de746b361d31fc1b35cf"),281,6279,10921,315,0,Joy,Surprise,Joy,Fear,Joy,Fear,Joy,Fear,594886554,117199,2014,85635,1.1776495582270425,false
ObjectId("5cf6de746b361d31fc1b35d0"),282,6993,9046,413,36,Fear,Joy,Joy,Surprise,Joy,Surprise,Joy,Surprise,940430173517811714,89896,30746,22093,0.9026828088610835,false
ObjectId("5cf6de746b361d31fc1b35d1"),283,3140,6089,221,1,Fear,Joy,Joy,Fear,Joy,Fear,Joy,Fear,111683028,98660,1702,58713,1.180310130434831,false
ObjectId("5cf6de746b361d31fc1b35d2"),284,54,69,30,25,Anger,Joy,Joy,Fear,Joy,Fear,Joy,Surprise,12781502,1615,365,14169,0.900367163330531,false
ObjectId("5cf6de746b361d31fc1b35d3"),285,369,983,41,10,Fear,Joy,Joy,Fear,Joy,Fear,Joy,Fear,943788254,10611,10617,156642,0.8009874696220625,false
ObjectId("5cf6de746b361d31fc1b35d4"),286,278,826,58,6,Surprise,Joy,Joy,Fear,Joy,Fear,Joy,Fear,887576423191502848,1155,1777,8851,0.7207075335511437,false
ObjectId("5cf6de746b361d31fc1b35d5"),287,218,405,44,18,Fear,Joy,Joy,Fear,Joy,Fear,Joy,Surprise,952758329301807104,33262,790,31371,1.1600196745691849,false
ObjectId("5cf6de746b361d31fc1b35d6"),288,8995,15729,407,1,Anger,Fear,Joy,Fear,Joy,Fear,Joy,Fear,111683028,98660,1702,58713,1.180310130434831,false
ObjectId("5cf6de746b361d31fc1b35d7"),289,836,1504,101,1,Fear,Joy,Fear,Joy,Fear,Joy,Fear,Sadness,825836173742395392,8144,225,56892,1.1660001933743855,false
ObjectId("5cf6de746b361d31fc1b35d8"),290,2402,3468,225,16,Joy,Sadness,Joy,Sadness,Joy,Surprise,Joy,Fear,940430173517811714,89896,30746,22093,0.9026828088610835,false
ObjectId("5cf6de746b361d31fc1b35d9"),291,1373,4829,143,0,Joy,Fear,Joy,Fear,Joy,Fear,Joy,Fear,595530638,13724,9485,167201,0.8313126892000866,false
ObjectId("5cf6de746b361d31fc1b35da"),292,2903,11243,120,0,Fear,Joy,Joy,Fear,Joy,Fear,Joy,Fear,2902283694,10043,1568,27629,0.9538289683914163,false
ObjectId("5cf6de746b361d31fc1b35db"),293,213,230,43,15,Fear,Joy,Fear,Joy,Joy,Fear,Joy,Surprise,146456142,34111,14202,48494,0.8797695640516863,false
ObjectId("5cf6de746b361d31fc1b35dc"),294,315,800,33,0,Surprise,Joy,Joy,Fear,Joy,Fear,Joy,Fear,879548970082721792,51217,2940,38261,1.0539169429458746,false
ObjectId("5cf6de746b361d31fc1b35dd"),295,4275,8547,230,0,Joy,Surprise,Joy,Fear,Joy,Fear,Surprise,Joy,594886554,117199,2014,85635,1.1776495582270425,false
ObjectId("5cf6de746b361d31fc1b35de"),296,127,361,44,13,Fear,Joy,Joy,Fear,Joy,Fear,Fear,Joy,1611074784,20880,5074,38757,0.9180342162999277,true
ObjectId("5cf6de746b361d31fc1b35df"),297,247,348,47,17,Fear,Anger,Joy,Fear,Joy,Fear,Joy,Fear,952758329301807104,33262,790,31371,1.1600196745691849,false
ObjectId("5cf6de746b361d31fc1b35e0"),298,15409,76660,168,0,Joy,Fear,Joy,Anger,Joy,Fear,Anger,Joy,394697072,4365,1076,33142,0.9027502492973942,false
ObjectId("5cf6de746b361d31fc1b35e1"),299,1141,3442,182,0,Fear,Anger,Joy,Fear,Joy,Fear,Joy,Fear,562255311,55822,3731,95995,1.0382488560022758,false
ObjectId("5cf6de746b361d31fc1b35e2"),300,757,1980,79,0,Fear,Joy,Joy,Fear,Joy,Fear,Fear,Surprise,24822993,123512,967,34945,1.277439009993723,false
ObjectId("5cf6de746b361d31fc1b35e3"),301,609,1533,81,0,Fear,Joy,Joy,Fear,Joy,Fear,Fear,Joy,20182089,378996,997,110902,1.3949621585674572,true
ObjectId("5cf6de746b361d31fc1b35e4"),302,1729,3914,209,4,Joy,Surprise,Joy,Fear,Joy,Fear,Surprise,Fear,83932539,184948,58009,45917,0.913862994504708,false
ObjectId("5cf6de746b361d31fc1b35e5"),303,146,146,25,3,Joy,Fear,Joy,Fear,Joy,Fear,Fear,Joy,15280845,20594,12727,85942,0.8450469082728798,false
ObjectId("5cf6de746b361d31fc1b35e6"),304,1192,905,117,0,Fear,Joy,Joy,Fear,Joy,Fear,Joy,Fear,42193219,4893,425,100088,1.0166016990553912,false
ObjectId("5cf6de746b361d31fc1b35e7"),305,1250,3576,207,0,Fear,Surprise,Joy,Fear,Joy,Fear,Anger,Fear,142728197,2930,1001,85621,0.866565970121983,false
ObjectId("5cf6de746b361d31fc1b35e8"),306,7316,17406,567,0,Joy,Sadness,Fear,Joy,Joy,Fear,Anger,Joy,3223426134,670013,37,51875,2.258361470728224,true
ObjectId("5cf6de746b361d31fc1b35e9"),307,48420,126246,976,0,Joy,Fear,Joy,Fear,Joy,Fear,Joy,Fear,3223426134,670013,37,51875,2.258361470728224,true
ObjectId("5cf6de746b361d31fc1b35ea"),308,3814,3877,283,2,Joy,Fear,Joy,Fear,Joy,Fear,Joy,Fear,863161360129159168,34816,22668,32928,0.8480718343717535,false
ObjectId("5cf6de746b361d31fc1b35eb"),309,1908,3744,74,0,Joy,Anger,Joy,Fear,Joy,Fear,Fear,Joy,879548970082721792,51217,2940,38261,1.0539169429458746,false
ObjectId("5cf6de746b361d31fc1b35ec"),310,4982,8096,212,0,Joy,Fear,Joy,Surprise,Joy,Fear,Joy,Fear,879548970082721792,51217,2940,38261,1.0539169429458746,false
ObjectId("5cf6de746b361d31fc1b35ed"),311,691,1125,65,1,Fear,Joy,Joy,Fear,Joy,Fear,Joy,Fear,26443215,38548,12819,44436,0.8978296105720559,false
ObjectId("5cf6de746b361d31fc1b35ee"),312,5,277,32,0,Joy,Fear,Joy,Fear,Joy,Fear,Joy,Fear,3640440435,23068,89,8304,1.4768688606630518,false
ObjectId("5cf6de746b361d31fc1b35ef"),313,1202,2217,98,13,Joy,Anger,Joy,Fear,Joy,Fear,Joy,Fear,392212735,22961,20014,7984,0.822621617229562,false
ObjectId("5cf6de746b361d31fc1b35f0"),314,1159,4415,93,0,Fear,Joy,Joy,Fear,Fear,Joy,Fear,Joy,2735655330,51541,2113,77738,1.0894906100906308,false
ObjectId("5cf6de746b361d31fc1b35f1"),315,213,1297,126,0,Joy,Fear,Joy,Fear,Joy,Fear,Joy,Fear,14164724,45523,2630,32430,1.0538717321920115,true
ObjectId("5cf6de746b361d31fc1b35f2"),316,3909,4397,180,11,Fear,Sadness,Joy,Fear,Joy,Fear,Fear,Joy,924462918988632064,17635,12035,55066,0.8358261953264522,false
ObjectId("5cf6de746b361d31fc1b35f3"),317,186,844,47,5,Fear,Joy,Joy,Fear,Joy,Fear,Joy,Sadness,23785609,3763,840,3158,0.9110408843118198,false
ObjectId("5cf6de746b361d31fc1b35f4"),318,10266,13709,774,0,Joy,Fear,Joy,Fear,Joy,Fear,Joy,Surprise,594886554,117199,2014,85635,1.1776495582270425,false
ObjectId("5cf6de746b361d31fc1b35f5"),319,2631,5034,213,0,Anger,Fear,Fear,Joy,Fear,Joy,Fear,Joy,594886554,117199,2014,85635,1.1776495582270425,false
ObjectId("5cf6de746b361d31fc1b35f6"),320,3059,7315,209,0,Joy,Fear,Joy,Fear,Joy,Fear,Joy,Fear,594886554,117199,2014,85635,1.1776495582270425,false
ObjectId("5cf6de746b361d31fc1b35f7"),321,232,297,38,6,Joy,Fear,Surprise,Joy,Joy,Fear,Fear,Joy,146456142,34111,14202,48494,0.8797695640516863,false
ObjectId("5cf6de746b361d31fc1b35f8"),322,114,290,42,0,Joy,Surprise,Joy,Fear,Joy,Fear,Joy,Fear,11395432,82403,46916,217641,0.8668069201212875,false
ObjectId("5cf6de746b361d31fc1b35f9"),323,60,67,25,34,Joy,Fear,Joy,Fear,Joy,Surprise,Surprise,Joy,799994953137057792,4987,1633,27951,0.8776893475619979,false
ObjectId("5cf6de746b361d31fc1b35fa"),324,3512,12619,320,0,Joy,Fear,Joy,Fear,Joy,Fear,Joy,Fear,3223426134,670013,37,51875,2.258361470728224,true
ObjectId("5cf6de746b361d31fc1b35fb"),325,688,2436,106,0,Joy,Fear,Fear,Joy,Fear,Joy,Fear,Sadness,11395432,82403,46916,217641,0.8668069201212875,false
ObjectId("5cf6de746b361d31fc1b35fc"),326,28,312,39,0,Disgust,Anger,Joy,Surprise,Joy,Surprise,Joy,Surprise,2664329312,9335,1384,73458,0.9586403458365472,false
ObjectId("5cf6de746b361d31fc1b35fd"),327,289,629,41,9,Joy,Fear,Joy,Surprise,Joy,Surprise,Joy,Disgust,54746171,36277,10316,97164,0.909463397495714,false
ObjectId("5cf6de746b361d31fc1b35fe"),328,101,132,56,0,Fear,Anger,Fear,Joy,Fear,Joy,Fear,Joy,735147297856757765,13896,10421,38905,0.8256200590016869,false
ObjectId("5cf6de746b361d31fc1b35ff"),329,3683,11998,451,0,Fear,Sadness,Fear,Joy,Fear,Joy,Joy,Fear,49698134,1397787,5633,146335,1.2935546688664135,true
ObjectId("5cf6de746b361d31fc1b3600"),330,2468,14527,599,0,Joy,Sadness,Joy,Fear,Joy,Fear,Joy,Fear,3223426134,670013,37,51875,2.258361470728224,true
ObjectId("5cf6de746b361d31fc1b3601"),331,9859,29819,255,0,Joy,Fear,Joy,Fear,Joy,Fear,Fear,Joy,3223426134,670013,37,51875,2.258361470728224,true
ObjectId("5cf6de746b361d31fc1b3602"),332,43194,111424,1230,0,Joy,Fear,Joy,Fear,Joy,Fear,Joy,Surprise,3223426134,670013,37,51875,2.258361470728224,true
ObjectId("5cf6de746b361d31fc1b3603"),333,295,720,37,0,Joy,Fear,Joy,Surprise,Joy,Surprise,Joy,Surprise,1675563421,19221,2981,191665,0.9573787595008737,false
ObjectId("5cf6de746b361d31fc1b3604"),334,97,777,47,0,Joy,Fear,Joy,Fear,Joy,Fear,Joy,Fear,2508068568,12020,278,24700,1.1841001915646883,false
ObjectId("5cf6de746b361d31fc1b3605"),335,211,378,40,2,Joy,Anger,Joy,Sadness,Joy,Fear,Joy,Surprise,789588391448940544,37529,37136,22575,0.8212813683073517,false
ObjectId("5cf6de746b361d31fc1b3606"),336,49,487,35,0,Sadness,Disgust,Joy,Fear,Joy,Fear,Joy,Fear,731855934675255297,45231,22279,74525,0.8705160102194475,false
ObjectId("5cf6de746b361d31fc1b3607"),337,266,124,38,6,Fear,Surprise,Surprise,Joy,Fear,Joy,Fear,Joy,2423370157,7401,1883,10210,0.9050937684374069,false
ObjectId("5cf6de746b361d31fc1b3608"),338,21568,37862,404,1,Joy,Anger,Joy,Fear,Joy,Fear,Joy,Fear,111683028,98660,1702,58713,1.180310130434831,false
ObjectId("5cf6de746b361d31fc1b3609"),339,27232,102880,382,0,Anger,Joy,Joy,Fear,Joy,Fear,Joy,Anger,17354161,2127,350,46759,0.9386976965032393,false
ObjectId("5cf6de746b361d31fc1b360a"),340,5745,17846,551,8,Fear,Surprise,Joy,Fear,Joy,Fear,Joy,Fear,1651522832,158938,311,58134,1.4885519046962576,true
ObjectId("5cf6de746b361d31fc1b360b"),341,13889,27573,314,0,Joy,Anger,Joy,Fear,Joy,Fear,Joy,Fear,2316383071,390915,3785,80602,1.2214641411254101,false
ObjectId("5cf6de746b361d31fc1b360c"),342,461,1140,41,2,Fear,Anger,Joy,Fear,Joy,Fear,Joy,Fear,825841850342838272,3463,307,3758,1.0146270388455332,false
ObjectId("5cf6de746b361d31fc1b360d"),343,8,7,26,8,Anger,Fear,Joy,Fear,Joy,Fear,Joy,Fear,228753695,2459,533,4914,0.9096975387487715,false
ObjectId("5cf6de746b361d31fc1b360e"),344,2259,4181,116,1,Fear,Joy,Joy,Fear,Joy,Fear,Joy,Fear,817166972764962816,42617,879,61149,1.1736882754594713,false
ObjectId("5cf6de746b361d31fc1b360f"),345,227,318,42,2,Joy,Surprise,Joy,Surprise,Joy,Surprise,Joy,Surprise,601535938,190117,91721,192517,0.8853747061235565,false
ObjectId("5cf6de746b361d31fc1b3610"),346,1902,4483,151,0,Surprise,Joy,Joy,Fear,Joy,Fear,Joy,Fear,54861430,70046,1968,192795,1.1283447339025654,false
ObjectId("5cf6de746b361d31fc1b3611"),347,35440,84096,420,0,Surprise,Joy,Joy,Fear,Joy,Fear,Joy,Fear,3223426134,670013,37,51875,2.258361470728224,true
ObjectId("5cf6de746b361d31fc1b3612"),348,1171,3015,140,0,Joy,Anger,Joy,Fear,Joy,Fear,Joy,Fear,562255311,55822,3731,95995,1.0382488560022758,false
ObjectId("5cf6de746b361d31fc1b3613"),349,5599,17099,791,0,Joy,Fear,Joy,Surprise,Joy,Surprise,Joy,Fear,22891564,129387,5387,240762,1.080412603978394,true
ObjectId("5cf6de746b361d31fc1b3614"),350,6812,14116,368,0,Joy,Fear,Joy,Surprise,Joy,Surprise,Joy,Surprise,16912124,179530,1603,81854,1.2494373626610946,true
ObjectId("5cf6de746b361d31fc1b3615"),351,377,1461,36,0,Joy,Fear,Joy,Fear,Joy,Fear,Joy,Fear,14625899,5376,577,98805,0.9916564582598192,false
ObjectId("5cf6de746b361d31fc1b3616"),352,2516,10393,222,1,Fear,Joy,Joy,Fear,Joy,Fear,Joy,Fear,16912124,179530,1603,81854,1.2494373626610946,true
ObjectId("5cf6de746b361d31fc1b3617"),353,71,1044,74,0,Anger,Disgust,Joy,Fear,Joy,Fear,Joy,Fear,755504,37232,1740,233719,1.0778460089797013,false
ObjectId("5cf6de746b361d31fc1b3618"),354,633,803,47,3,Fear,Joy,Joy,Surprise,Joy,Surprise,Joy,Fear,130587419,6681,2118,5387,0.8841402420721519,false
ObjectId("5cf6de746b361d31fc1b3619"),355,3655,11160,98,2,Fear,Joy,Joy,Fear,Joy,Fear,Joy,Fear,9093,30805,6611,78192,0.9311878360913888,false
ObjectId("5cf6de746b361d31fc1b361a"),356,213,331,40,18,Joy,Sadness,Fear,Joy,Joy,Fear,Fear,Joy,146456142,34111,14202,48494,0.8797695640516863,false
ObjectId("5cf6de746b361d31fc1b361b"),357,2389,2124,99,1,Joy,Surprise,Joy,Surprise,Joy,Surprise,Joy,Surprise,68331085,76723,1001,183226,1.2209679441222787,true
ObjectId("5cf6de746b361d31fc1b361c"),358,180,609,50,0,Fear,Anger,Joy,Fear,Joy,Fear,Joy,Sadness,37642209,321,924,1894,0.6323162510795841,false
ObjectId("5cf6de746b361d31fc1b361d"),359,19320,38663,338,0,Joy,Sadness,Joy,Fear,Joy,Fear,Surprise,Joy,3223426134,670013,37,51875,2.258361470728224,true
ObjectId("5cf6de746b361d31fc1b361e"),360,88,312,38,3,Surprise,Joy,Joy,Fear,Joy,Fear,Joy,Fear,81676838,1225,1518,20516,0.7385980625419769,false
ObjectId("5cf6de746b361d31fc1b361f"),361,590,533,57,4,Sadness,Anger,Joy,Fear,Joy,Surprise,Fear,Joy,783207625324318720,20952,12494,193066,0.8478457570018522,false
ObjectId("5cf6de746b361d31fc1b3620"),362,10053,34197,173,6,Joy,Fear,Surprise,Joy,Surprise,Joy,Fear,Surprise,23995748,492923,14479,118895,1.103087630420912,true
ObjectId("5cf6de746b361d31fc1b3621"),363,8523,36576,179,0,Joy,Fear,Joy,Fear,Joy,Fear,Joy,Fear,34485937,11012,858,2138,1.0274307734910533,false
ObjectId("5cf6de746b361d31fc1b3622"),364,809,664,41,1,Joy,Surprise,Joy,Surprise,Joy,Surprise,Joy,Surprise,770537353064517633,24071,462,12755,1.1953117897185659,false
ObjectId("5cf6de746b361d31fc1b3623"),365,4153,4594,349,9,Joy,Sadness,Joy,Fear,Joy,Fear,Fear,Joy,2554131522,33786,237,51069,1.3412250599955906,false
ObjectId("5cf6de746b361d31fc1b3624"),366,756,5057,155,0,Joy,Fear,Joy,Fear,Joy,Surprise,Joy,Fear,50966681,30029,155,17929,1.4022488613524307,false
ObjectId("5cf6de746b361d31fc1b3625"),367,34,109,34,4,Joy,Surprise,Joy,Fear,Joy,Fear,Joy,Fear,28994271,17584,1269,174793,1.0344408897957917,true
ObjectId("5cf6de746b361d31fc1b3626"),368,1868,2834,139,48,Joy,Disgust,Fear,Joy,Joy,Fear,Surprise,Fear,1623794972,11222,39,10786,1.5565009939878032,false
ObjectId("5cf6de746b361d31fc1b3627"),369,32,123,33,8,Joy,Fear,Joy,Fear,Joy,Fear,Joy,Fear,304852634,17079,18435,133028,0.8037895499145579,false
ObjectId("5cf6de746b361d31fc1b3628"),370,189,1050,76,1,Fear,Joy,Joy,Fear,Joy,Fear,Joy,Fear,2476178880,16357,8250,247087,0.8570577765313887,false
ObjectId("5cf6de746b361d31fc1b3629"),371,125,269,38,17,Joy,Fear,Joy,Fear,Joy,Fear,Anger,Joy,21573162,2232,3088,57546,0.7458851987915832,false
ObjectId("5cf6de746b361d31fc1b362a"),372,7422,14137,373,1,Joy,Fear,Joy,Fear,Joy,Fear,Joy,Surprise,714128911823724545,30453,1873,24335,1.0493531777403315,false
ObjectId("5cf6de746b361d31fc1b362b"),373,5422,9798,304,11,Joy,Fear,Joy,Fear,Joy,Fear,Surprise,Fear,714128911823724545,30453,1873,24335,1.0493531777403315,false
ObjectId("5cf6de746b361d31fc1b362c"),374,17,86,36,0,Joy,Fear,Joy,Sadness,Joy,Surprise,Fear,Joy,4202781,173688,2172,94094,1.2081393029845606,true
ObjectId("5cf6de746b361d31fc1b362d"),375,5379,17636,398,0,Joy,Fear,Joy,Fear,Joy,Fear,Fear,Joy,759481842814726144,202333,1002,23681,1.3260859295833356,true
ObjectId("5cf6de746b361d31fc1b362e"),376,1717,5811,145,0,Joy,Surprise,Joy,Surprise,Joy,Fear,Joy,Fear,759481842814726144,202333,1002,23681,1.3260859295833356,true
ObjectId("5cf6de746b361d31fc1b362f"),377,2209,3944,158,0,Joy,Surprise,Joy,Fear,Joy,Fear,Joy,Fear,879548970082721792,51217,2940,38261,1.0539169429458746,false
ObjectId("5cf6de746b361d31fc1b3630"),378,161,166,35,9,Joy,Surprise,Joy,Fear,Joy,Fear,Joy,Fear,373157754,170561,834,305674,1.3340898903048513,false
ObjectId("5cf6de746b361d31fc1b3631"),379,4,53,30,1,Joy,Anger,Joy,Anger,Joy,Fear,Joy,Surprise,2686369279,1616,1210,19326,0.785842945391699,false
ObjectId("5cf6de746b361d31fc1b3632"),380,15,68,33,1,Anger,Disgust,Joy,Fear,Joy,Fear,Joy,Fear,2686369279,1616,1210,19326,0.785842945391699,false
ObjectId("5cf6de746b361d31fc1b3633"),381,2023,3044,176,20,Joy,Fear,Joy,Fear,Joy,Fear,Joy,Fear,940430173517811714,89896,30746,22093,0.9026828088610835,false
ObjectId("5cf6de746b361d31fc1b3634"),382,294,519,73,17,Joy,Surprise,Joy,Fear,Joy,Fear,Joy,Fear,1611074784,20880,5074,38757,0.9180342162999277,true
ObjectId("5cf6de746b361d31fc1b3635"),383,3,101,31,43,Fear,Surprise,Joy,Fear,Joy,Fear,Joy,Fear,25097371,8777,9532,114891,0.7919690190697756,false
ObjectId("5cf6de746b361d31fc1b3636"),384,277,345,45,55,Joy,Fear,Joy,Fear,Joy,Fear,Fear,Joy,749684424,3785,3969,6802,0.7780699304231409,false
ObjectId("5cf6de746b361d31fc1b3637"),385,90,285,29,1,Joy,Fear,Joy,Surprise,Joy,Surprise,Joy,Surprise,24994680,1959,150,12074,1.035633829984128,false
ObjectId("5cf6de746b361d31fc1b3638"),386,2149,2131,66,27,Surprise,Joy,Joy,Surprise,Surprise,Joy,Surprise,Fear,809420163711909888,66167,931,10653,1.2144476956456278,false
ObjectId("5cf6de746b361d31fc1b3639"),387,251,368,40,69,Joy,Fear,Joy,Fear,Joy,Fear,Joy,Fear,749684424,3785,3969,6802,0.7780699304231409,false
ObjectId("5cf6de746b361d31fc1b363a"),388,72,129,38,5,Joy,Fear,Joy,Fear,Joy,Fear,Joy,Surprise,21189465,5045,1682,15885,0.8762123858782984,false
ObjectId("5cf6de746b361d31fc1b363b"),389,175,430,34,22,Fear,Disgust,Joy,Sadness,Joy,Fear,Joy,Sadness,294991606,50321,35443,43951,0.847233389118008,false
ObjectId("5cf6de746b361d31fc1b363c"),390,273,441,76,4,Surprise,Fear,Joy,Fear,Joy,Fear,Joy,Surprise,827011794644242433,4491,3265,13268,0.8091330650182211,false
ObjectId("5cf6de746b361d31fc1b363d"),391,255,515,45,19,Fear,Disgust,Joy,Fear,Joy,Fear,Joy,Fear,952758329301807104,33262,790,31371,1.1600196745691849,false
ObjectId("5cf6de746b361d31fc1b363e"),392,86,549,35,0,Joy,Anger,Joy,Fear,Joy,Fear,Joy,Sadness,742780196948824064,10140,423,11196,1.1044049431724807,false
ObjectId("5cf6de746b361d31fc1b363f"),393,181,742,126,11,Fear,Joy,Joy,Fear,Joy,Fear,Joy,Surprise,795982290,7166,222,18221,1.1514296224985314,false
ObjectId("5cf6de746b361d31fc1b3640"),394,4752,13878,341,0,Joy,Fear,Fear,Joy,Fear,Joy,Joy,Anger,3223426134,670013,37,51875,2.258361470728224,true
ObjectId("5cf6de746b361d31fc1b3641"),395,349,567,74,3,Joy,Anger,Surprise,Joy,Joy,Surprise,Fear,Joy,915213477962305537,328,2,6857,1.7041227251365387,false
ObjectId("5cf6de746b361d31fc1b3642"),396,452,691,46,3,Joy,Fear,Joy,Fear,Joy,Fear,Fear,Joy,554648712,40096,1523,49285,1.1004371081551187,false
ObjectId("5cf6de746b361d31fc1b3643"),397,8551,41182,212,0,Fear,Joy,Surprise,Joy,Surprise,Joy,Surprise,Sadness,14631976,5535,1339,29669,0.9069786846536549,false
ObjectId("5cf6de746b361d31fc1b3644"),398,209,430,71,15,Joy,Fear,Joy,Fear,Joy,Fear,Joy,Surprise,1611074784,20880,5074,38757,0.9180342162999277,true
ObjectId("5cf6de746b361d31fc1b3645"),399,8192,8834,183,2,Joy,Surprise,Joy,Fear,Joy,Fear,Joy,Fear,74433034,178375,5,160903,2.953256321536303,false
ObjectId("5cf6de746b361d31fc1b3646"),400,39,3452,142,1,Joy,Surprise,Joy,Surprise,Joy,Surprise,Joy,Surprise,44279901,72614,975,60289,1.2184703565314272,true
ObjectId("5cf6de746b361d31fc1b3647"),401,3545,11500,300,2,Fear,Anger,Joy,Fear,Joy,Fear,Fear,Joy,83932539,184948,58009,45917,0.913862994504708,false
ObjectId("5cf6de746b361d31fc1b3648"),402,110,470,48,0,Joy,Fear,Fear,Joy,Joy,Fear,Joy,Fear,710738910725275648,8886,1435,74373,0.9498697335519943,false
ObjectId("5cf6de746b361d31fc1b3649"),403,884,16669,270,0,Fear,Anger,Joy,Surprise,Joy,Surprise,Joy,Surprise,208643146,134613,4152,79864,1.1105864602722706,true
