_id,hilo,fecha,topico,total_tweets,total_retweets,total_favoritos,total_hashtags,promedio_retweets,promedio_favoritos,emocion_hilo_1,tupla_emocion_hilo,usuario,user_total_followers,user_total_friends,user_total_status,user_puntaje_sigmo,user_verificado
ObjectId("5d257ef46b361d2564f95711"),0,""2019-06-28T14:59:15.000Z"",11,3,31955,95985,0,10652,31995,Anger,Anger+Surprise,21307076,61746,1335,21682,1.16113,true
ObjectId("5d257ef46b361d2564f95712"),1,""2019-06-28T04:39:25.000Z"",3,3,17739,39908,2,5913,13303,Joy,Joy+Fear,2316383071,393734,3768,82208,1.22267,false
ObjectId("5d257ef46b361d2564f95713"),2,""2019-06-25T19:42:53.000Z"",4,3,30,49,0,10,16,Fear,Fear+Joy,24212955,35543,387,172177,1.26804,false
ObjectId("5d257ef46b361d2564f95714"),3,""2019-06-28T22:02:53.000Z"",4,3,166,557,0,55,186,Sadness,Sadness+Surprise,2314464974,73354,9845,41886,0.9744,true
ObjectId("5d257ef46b361d2564f95715"),4,""2018-12-10T21:53:41.000Z"",4,3,6267,15007,0,2089,5002,Joy,Joy+Surprise,39155029,263169,4101,33991,1.17499,true
ObjectId("5d257ef46b361d2564f95716"),5,""2018-11-26T18:47:32.000Z"",3,4,51,49,1,13,12,Fear,Fear+Disgust,1936999562,6558,586,18720,1.01279,false
ObjectId("5d257ef46b361d2564f95717"),6,""2018-01-01T15:01:25.000Z"",7,4,12068,21292,2,3017,5323,Fear,Fear+Sadness,22434517,74244,437,20555,1.33755,true
ObjectId("5d257ef46b361d2564f95718"),7,""2019-05-25T12:53:20.000Z"",6,4,13544,39484,2,3386,9871,Joy,Joy+Fear,66369181,5839979,493,25764,1.83187,true
ObjectId("5d257ef46b361d2564f95719"),8,""2019-04-19T20:05:51.000Z"",7,4,75458,295627,0,18864,73907,Joy,Joy+Fear,357606935,2777455,338,4860,1.82529,true
ObjectId("5d257ef46b361d2564f9571a"),9,""2018-07-25T16:11:21.000Z"",13,4,226,231,0,56,58,Surprise,Surprise+Fear,25320639,126821,40709,40134,0.90971,false
ObjectId("5d257ef46b361d2564f9571b"),10,""2019-02-13T11:45:46.000Z"",13,4,1489,1562,2,372,390,Joy,Joy+Fear,56961858,57367,41,11973,1.81404,true
ObjectId("5d257ef46b361d2564f9571c"),11,""2019-06-28T00:34:34.000Z"",4,4,11274,48727,0,2818,12182,Joy,Joy+Surprise,49698134,1416356,5694,148042,1.29349,true
ObjectId("5d257ef46b361d2564f9571d"),12,""2018-12-25T17:32:30.000Z"",4,4,9289,43693,0,2322,10923,Fear,Fear+Joy,877743452364165121,4761,1650,16158,0.87198,false
ObjectId("5d257ef46b361d2564f9571e"),13,""2018-11-25T23:03:13.000Z"",5,4,1603,1028,2,401,257,Joy,Joy+Surprise,764574111842598912,18292,17465,167317,0.81307,false
ObjectId("5d257ef46b361d2564f9571f"),14,""2018-03-20T20:52:52.000Z"",3,4,10115,15287,0,2529,3822,Surprise,Surprise+Sadness,722242009,299289,2993,9259,1.22337,true
ObjectId("5d257ef46b361d2564f95720"),15,""2018-07-14T15:15:37.000Z"",9,4,135,194,0,34,48,Fear,Fear+Surprise,25320639,126821,40709,40134,0.90971,false
ObjectId("5d257ef46b361d2564f95721"),16,""2019-02-20T11:46:40.000Z"",12,4,865,1488,1,216,372,Sadness,Sadness+Joy,1050459109202518016,34625,2158,1932,1.04733,false
ObjectId("5d257ef46b361d2564f95722"),17,""2018-12-27T21:03:37.000Z"",5,4,6374,11546,0,1594,2886,Joy,Joy+Surprise,14362404,59109,1090,32461,1.18174,true
ObjectId("5d257ef46b361d2564f95723"),18,""2018-07-16T19:57:31.000Z"",12,4,1038,1269,0,260,317,Joy,Joy+Fear,25320639,126821,40709,40134,0.90971,false
ObjectId("5d257ef46b361d2564f95724"),19,""2019-06-24T20:16:49.000Z"",7,5,674,708,3,135,142,Joy,Joy+Anger,57596040,10365,5982,4357,0.84063,true
ObjectId("5d257ef46b361d2564f95725"),20,""2018-03-23T20:24:18.000Z"",4,5,11,17,4,2,3,Fear,Fear+Surprise,258617217,1510,1578,4933,0.75726,false
ObjectId("5d257ef46b361d2564f95726"),21,""2019-05-03T22:50:05.000Z"",10,5,6500,8592,0,1300,1718,Fear,Fear+Joy,22009023,15067,975,106333,1.04728,false
ObjectId("5d257ef46b361d2564f95727"),22,""2019-05-29T10:23:44.000Z"",10,5,68,145,1,14,29,Joy,Joy+Fear,1935629324,19439,7648,49233,0.87818,false
ObjectId("5d257ef46b361d2564f95728"),23,""2019-02-04T15:38:36.000Z"",2,5,321,348,4,64,70,Fear,Fear+Joy,785549741421568001,44388,47860,30770,0.81818,false
ObjectId("5d257ef46b361d2564f95729"),24,""2018-12-09T07:26:39.000Z"",2,5,45568,117888,0,9114,23578,Joy,Joy+Anger,2241314820,1914,902,93778,0.82973,false
ObjectId("5d257ef46b361d2564f9572a"),25,""2019-06-18T16:09:03.000Z"",1,5,504,536,3,101,107,Fear,Fear+Joy,57596040,10365,5982,4357,0.84063,true
ObjectId("5d257ef46b361d2564f9572b"),26,""2019-02-18T01:58:25.000Z"",9,5,218,366,3,44,73,Fear,Fear+Joy,849835616,6863,3032,27454,0.85602,false
ObjectId("5d257ef46b361d2564f9572c"),27,""2019-04-13T18:05:12.000Z"",10,5,199,172,0,40,34,Joy,Joy+Fear,47035436,4594,2109,64930,0.84691,false
ObjectId("5d257ef46b361d2564f9572d"),28,""2018-12-24T22:27:24.000Z"",7,5,4175,7653,0,835,1531,Joy,Joy+Fear,22129280,304637,773,28022,1.41017,true
ObjectId("5d257ef46b361d2564f9572e"),29,""2019-06-25T16:43:51.000Z"",4,5,172,1136,0,34,227,Joy,Joy+Fear,28917111,74840,1792,11173,1.14589,true
ObjectId("5d257ef46b361d2564f9572f"),30,""2018-03-23T23:44:32.000Z"",12,5,97,169,0,19,34,Fear,Fear+Joy,562255311,55602,3739,98501,1.03766,false
ObjectId("5d257ef46b361d2564f95730"),31,""2019-03-28T15:59:17.000Z"",2,5,16213,50084,0,3243,10017,Surprise,Surprise+Sadness,25605494,18143,2096,923,0.98545,true
ObjectId("5d257ef46b361d2564f95731"),32,""2019-05-07T04:24:16.000Z"",4,5,11454,34811,0,2291,6962,Anger,Anger+Joy,817460680748044288,27485,2657,22394,1.00329,false
ObjectId("5d257ef46b361d2564f95732"),33,""2019-02-28T15:50:58.000Z"",4,5,1492,2263,0,298,453,Joy,Joy+Fear,809974521746911232,47786,326,27101,1.33141,false
ObjectId("5d257ef46b361d2564f95733"),34,""2019-05-03T17:52:18.000Z"",1,5,123,856,1,25,171,Joy,Joy+Fear,854483338530349056,23229,300,9686,1.25513,false
ObjectId("5d257ef46b361d2564f95734"),35,""2018-11-29T20:12:34.000Z"",4,6,37,193,0,6,32,Anger,Anger+Sadness,197901148,57688,3996,77245,1.03463,false
ObjectId("5d257ef46b361d2564f95735"),36,""2018-05-27T21:31:31.000Z"",4,6,3382,7239,0,564,1206,Sadness,Sadness+Joy,225265639,578806,1192,94494,1.41355,true
ObjectId("5d257ef46b361d2564f95736"),37,""2018-06-10T16:30:09.000Z"",4,6,5529,15235,0,922,2539,Joy,Joy+Anger,14542977,30881,5736,11581,0.94348,false
ObjectId("5d257ef46b361d2564f95737"),38,""2019-02-26T20:00:28.000Z"",4,6,333,403,5,56,67,Joy,Joy+Anger,235224358,8234,9007,114765,0.7903,false
ObjectId("5d257ef46b361d2564f95738"),39,""2019-03-08T15:57:42.000Z"",4,6,167,1358,0,28,226,Joy,Joy+Fear,854483338530349056,23229,300,9686,1.25513,false
ObjectId("5d257ef46b361d2564f95739"),40,""2018-05-31T15:49:57.000Z"",4,6,7076,10524,1,1179,1754,Joy,Joy+Surprise,24822993,125031,983,36604,1.27649,false
ObjectId("5d257ef46b361d2564f9573a"),41,""2019-05-31T00:52:37.000Z"",3,6,150,531,0,25,88,Joy,Joy+Fear,1032936199340486656,15544,1088,4683,1.03829,false
ObjectId("5d257ef46b361d2564f9573b"),42,""2018-08-15T05:21:25.000Z"",4,6,144,194,0,24,32,Joy,Joy+Fear,5404442,45755,6692,158153,0.96577,true
ObjectId("5d257ef46b361d2564f9573c"),43,""2018-12-28T07:34:26.000Z"",4,6,1070,1962,2,178,327,Surprise,Surprise+Joy,60779696,10663,3754,50302,0.88049,false
ObjectId("5d257ef46b361d2564f9573d"),44,""2018-07-18T13:50:44.000Z"",7,6,2394,6216,2,399,1036,Fear,Fear+Joy,621542385,5403,2663,4176,0.84345,false
ObjectId("5d257ef46b361d2564f9573e"),45,""2019-02-21T21:04:24.000Z"",9,6,594,912,0,99,152,Fear,Fear+Joy,809974521746911232,47786,326,27101,1.33141,false
ObjectId("5d257ef46b361d2564f9573f"),46,""2019-06-25T20:03:22.000Z"",4,6,108,179,0,18,30,Joy,Joy+Fear,55376380,67219,1629,51212,1.14608,true
ObjectId("5d257ef46b361d2564f95740"),47,""2017-12-06T13:55:26.000Z"",9,6,244,316,0,41,53,Joy,Joy+Fear,879548970082721792,51265,3162,39518,1.04661,false
ObjectId("5d257ef46b361d2564f95741"),48,""2019-06-25T06:30:23.000Z"",7,6,1151,3750,0,192,625,Fear,Fear+Joy,429531188,58433,310,12467,1.36473,false
ObjectId("5d257ef46b361d2564f95742"),49,""2018-08-29T17:55:09.000Z"",10,6,154,544,0,26,91,Fear,Fear+Joy,21665837,5885,1323,7791,0.91459,true
ObjectId("5d257ef46b361d2564f95743"),50,""2019-02-26T21:31:39.000Z"",9,6,7691,37755,0,1282,6292,Anger,Anger+Sadness,18839937,193419,1016,167885,1.31921,false
ObjectId("5d257ef46b361d2564f95744"),51,""2019-02-19T21:10:20.000Z"",10,6,6389,24306,0,1065,4051,Joy,Joy+Fear,56701775,17888,1302,62618,1.03345,true
ObjectId("5d257ef46b361d2564f95745"),52,""2019-06-23T16:40:56.000Z"",8,6,95,234,1,16,39,Joy,Joy+Fear,1074862735882682368,334,515,4973,0.68012,false
ObjectId("5d257ef46b361d2564f95746"),53,""2018-07-24T18:04:07.000Z"",8,6,324,1116,0,54,186,Surprise,Surprise+Joy,16279337,5754,2240,131641,0.86429,false
ObjectId("5d257ef46b361d2564f95747"),54,""2019-06-24T07:45:42.000Z"",4,6,155,87,1,26,14,Fear,Fear+Joy,806759410005487616,3397,2995,23120,0.78883,false
ObjectId("5d257ef46b361d2564f95748"),55,""2017-11-28T03:06:14.000Z"",5,7,1461,2944,0,209,421,Joy,Joy+Fear,879548970082721792,51265,3162,39518,1.04661,false
ObjectId("5d257ef46b361d2564f95749"),56,""2019-06-19T03:04:07.000Z"",0,7,1829,2988,1,261,427,Joy,Joy+Fear,248482567,57034,1780,10256,1.11892,true
ObjectId("5d257ef46b361d2564f9574a"),57,""2019-02-21T12:49:10.000Z"",0,7,154,1404,1,22,201,Joy,Joy+Fear,854483338530349056,23229,300,9686,1.25513,false
ObjectId("5d257ef46b361d2564f9574b"),58,""2018-12-14T13:40:38.000Z"",4,7,25340,64436,0,3620,9205,Joy,Joy+Fear,15407632,63504,961,41636,1.20577,true
ObjectId("5d257ef46b361d2564f9574c"),59,""2019-05-07T11:28:35.000Z"",4,7,619,4188,0,88,598,Joy,Joy+Fear,928481,78895,1277,86707,1.1925,true
ObjectId("5d257ef46b361d2564f9574d"),60,""2019-02-06T03:02:16.000Z"",2,7,14455,66191,6,2065,9456,Joy,Joy+Fear,25728193,182601,14872,170406,1.01723,true
ObjectId("5d257ef46b361d2564f9574e"),61,""2019-05-08T03:37:22.000Z"",7,7,8643,24133,0,1235,3448,Joy,Joy+Anger,1130070541,18433,1731,3656,1.00639,true
ObjectId("5d257ef46b361d2564f9574f"),62,""2019-06-24T21:51:02.000Z"",4,7,37130,163927,0,5304,23418,Joy,Joy+Fear,729821560144601088,3098,599,60,0.92406,false
ObjectId("5d257ef46b361d2564f95750"),63,""2019-01-24T16:43:05.000Z"",2,7,88,276,5,13,39,Fear,Fear+Anger,918391764343513088,697,606,17607,0.75171,false
ObjectId("5d257ef46b361d2564f95751"),64,""2018-06-29T04:21:25.000Z"",4,7,584,1306,0,83,187,Joy,Joy+Fear,429531188,58433,310,12467,1.36473,false
ObjectId("5d257ef46b361d2564f95752"),65,""2018-08-03T06:28:36.000Z"",7,7,2403,5278,0,343,754,Joy,Joy+Fear,14164972,9356,9733,154236,0.79609,false
ObjectId("5d257ef46b361d2564f95753"),66,""2018-02-01T21:16:12.000Z"",4,7,1128,2132,1,161,305,Joy,Joy+Fear,2173054549,41560,22026,86257,0.86444,false
ObjectId("5d257ef46b361d2564f95754"),67,""2019-01-21T13:50:46.000Z"",7,7,13617,13388,0,1945,1913,Joy,Joy+Fear,15464697,355178,1236,53365,1.35629,true
ObjectId("5d257ef46b361d2564f95755"),68,""2019-01-27T21:04:32.000Z"",4,7,3785,9100,0,541,1300,Joy,Joy+Surprise,25140154,2799,1384,7154,0.83236,true
ObjectId("5d257ef46b361d2564f95756"),69,""2018-07-27T18:22:38.000Z"",4,7,734,969,7,105,138,Joy,Joy+Fear,1372512036,54386,52890,77039,0.82739,false
ObjectId("5d257ef46b361d2564f95757"),70,""2019-06-19T12:18:54.000Z"",1,7,9463,23702,0,1352,3386,Joy,Joy+Fear,14155907,195935,1628,27151,1.25646,true
ObjectId("5d257ef46b361d2564f95758"),71,""2018-04-29T03:28:05.000Z"",12,7,1082,2337,0,155,334,Fear,Fear+Joy,3097503906,1013079,9,2667,3.00282,true
ObjectId("5d257ef46b361d2564f95759"),72,""2018-01-25T05:38:43.000Z"",5,7,1693,5282,0,242,755,Joy,Joy+Surprise,784575415457308672,194060,1079,85393,1.31103,false
ObjectId("5d257ef46b361d2564f9575a"),73,""2019-06-25T20:49:08.000Z"",4,7,58,230,0,8,33,Fear,Fear+Joy,14427663,11726,897,1120,1.02932,true
ObjectId("5d257ef46b361d2564f9575b"),74,""2019-05-03T18:12:11.000Z"",4,8,1011,3028,0,126,378,Joy,Joy+Fear,447659135,3296,1500,152638,0.84238,false
ObjectId("5d257ef46b361d2564f9575c"),75,""2019-06-25T19:44:25.000Z"",12,8,3,41,0,0,5,Fear,Fear+Joy,573346594,3063,1399,17425,0.84085,false
ObjectId("5d257ef46b361d2564f9575d"),76,""2019-05-31T13:00:21.000Z"",9,8,26698,118591,0,3337,14824,Joy,Joy+Surprise,357606935,2777455,338,4860,1.82529,true
ObjectId("5d257ef46b361d2564f9575e"),77,""2019-06-26T21:52:29.000Z"",12,8,174,1048,0,22,131,Surprise,Surprise+Joy,946230307023413254,1545,406,2461,0.88354,false
ObjectId("5d257ef46b361d2564f9575f"),78,""2019-03-25T13:52:40.000Z"",9,8,1636,7051,0,204,881,Fear,Fear+Surprise,16113072,21952,3134,21865,0.96558,true
ObjectId("5d257ef46b361d2564f95760"),79,""2019-04-28T02:38:37.000Z"",2,8,102410,382159,0,12801,47770,Fear,Fear+Joy,705512846923325440,11994,3745,7013,0.89186,true
ObjectId("5d257ef46b361d2564f95761"),80,""2019-03-20T23:22:54.000Z"",0,8,226,1559,1,28,195,Joy,Joy+Fear,854483338530349056,23229,300,9686,1.25513,false
ObjectId("5d257ef46b361d2564f95762"),81,""2018-01-19T17:05:48.000Z"",4,8,550,4229,1,69,529,Joy,Joy+Fear,20690398,348964,973,113994,1.38967,true
ObjectId("5d257ef46b361d2564f95763"),82,""2018-12-22T18:34:27.000Z"",0,8,626,2748,0,78,344,Fear,Fear+Surprise,866711222988701698,3019,4866,28383,0.74244,false
ObjectId("5d257ef46b361d2564f95764"),83,""2019-03-11T22:50:34.000Z"",10,8,1185,5110,0,148,639,Joy,Joy+Fear,1252520990,12396,7503,89489,0.8396,false
ObjectId("5d257ef46b361d2564f95765"),84,""2018-12-22T23:54:31.000Z"",4,8,95,107,23,12,13,Joy,Joy+Fear,986462159663017984,11222,2245,35705,0.93076,false
ObjectId("5d257ef46b361d2564f95766"),85,""2019-05-19T17:15:01.000Z"",13,8,27356,51331,0,3420,6416,Joy,Joy+Fear,185270017,23732,693,10551,1.13901,true
ObjectId("5d257ef46b361d2564f95767"),86,""2018-10-23T01:54:28.000Z"",3,8,21340,39383,1,2668,4923,Joy,Joy+Fear,16148602,22749,5838,179976,0.91411,true
ObjectId("5d257ef46b361d2564f95768"),87,""2018-07-18T03:40:28.000Z"",4,8,93,322,2,12,40,Joy,Joy+Fear,61583693,7294,83,2219,1.32102,false
ObjectId("5d257ef46b361d2564f95769"),88,""2018-02-27T20:39:27.000Z"",7,8,90,152,0,11,19,Joy,Joy+Fear,23230387,77599,77815,134594,0.83005,false
ObjectId("5d257ef46b361d2564f9576a"),89,""2019-02-07T22:57:39.000Z"",4,8,29572,94052,1,3696,11756,Joy,Joy+Anger,384910109,271068,445,4254,1.48879,true
ObjectId("5d257ef46b361d2564f9576b"),90,""2019-05-30T08:40:17.000Z"",10,8,4354,6011,1,544,751,Fear,Fear+Joy,597224882,825758,113,24034,1.93557,true
ObjectId("5d257ef46b361d2564f9576c"),91,""2018-02-21T07:20:56.000Z"",13,8,186,766,0,23,96,Fear,Fear+Surprise,847882255540342784,138231,1247,23134,1.25497,true
ObjectId("5d257ef46b361d2564f9576d"),92,""2018-02-23T04:42:57.000Z"",13,8,1210,3499,0,151,437,Fear,Fear+Disgust,197263266,44233,30,3542,1.86475,false
ObjectId("5d257ef46b361d2564f9576e"),93,""2019-03-09T16:10:31.000Z"",4,8,24369,70963,0,3046,8870,Anger,Anger+Surprise,3223426134,677357,37,53238,2.2602,true
ObjectId("5d257ef46b361d2564f9576f"),94,""2019-04-02T22:30:51.000Z"",9,8,8106,21152,0,1013,2644,Surprise,Surprise+Joy,384910109,271068,445,4254,1.48879,true
ObjectId("5d257ef46b361d2564f95770"),95,""2019-06-20T17:10:07.000Z"",7,9,5461,9419,0,607,1047,Anger,Anger+Joy,728604440,31300,8577,100740,0.91125,false
ObjectId("5d257ef46b361d2564f95771"),96,""2019-02-13T19:34:42.000Z"",10,9,8400,28517,0,933,3169,Joy,Joy+Fear,18478178,2100,732,39061,0.8596,false
ObjectId("5d257ef46b361d2564f95772"),97,""2017-12-02T07:51:57.000Z"",9,9,385,990,0,43,110,Joy,Joy+Fear,879548970082721792,51265,3162,39518,1.04661,false
ObjectId("5d257ef46b361d2564f95773"),98,""2018-07-24T14:41:41.000Z"",4,9,833,4640,0,93,516,Joy,Joy+Surprise,1583865109,461907,604,8861,1.49786,true
ObjectId("5d257ef46b361d2564f95774"),99,""2019-05-25T02:21:23.000Z"",2,9,4353,15543,0,484,1727,Fear,Fear+Anger,14542977,30881,5736,11581,0.94348,false
ObjectId("5d257ef46b361d2564f95775"),100,""2019-04-13T16:22:13.000Z"",1,9,236,2104,0,26,234,Surprise,Surprise+Joy,88498742,29422,516,6365,1.20337,true
ObjectId("5d257ef46b361d2564f95776"),101,""2019-03-17T19:04:13.000Z"",4,9,93,241,0,10,27,Fear,Fear+Joy,930976267255422976,1579,922,35765,0.80668,false
ObjectId("5d257ef46b361d2564f95777"),102,""2019-03-13T13:38:31.000Z"",4,9,296,1452,2,33,161,Fear,Fear+Joy,4378855216,2919,4730,18261,0.74127,false
ObjectId("5d257ef46b361d2564f95778"),103,""2019-06-21T06:10:32.000Z"",2,9,90040,108406,0,10004,12045,Joy,Joy+Sadness,2657787980,9091,3318,11132,0.87561,false
ObjectId("5d257ef46b361d2564f95779"),104,""2018-12-03T01:27:28.000Z"",2,9,562,356,8,62,40,Joy,Joy+Sadness,804573487767703552,8452,8645,206523,0.79545,false
ObjectId("5d257ef46b361d2564f9577a"),105,""2019-03-09T14:55:12.000Z"",11,9,20216,70559,0,2246,7840,Sadness,Sadness+Anger,402888514,132563,5201,106747,1.08614,true
ObjectId("5d257ef46b361d2564f9577b"),106,""2019-06-23T18:06:10.000Z"",2,9,1450,5180,0,161,576,Joy,Joy+Fear,40996128,130289,1822,48153,1.20046,true
ObjectId("5d257ef46b361d2564f9577c"),107,""2019-02-19T04:23:04.000Z"",9,9,892,3278,0,99,364,Joy,Joy+Sadness,2897965392,10236,1541,17503,0.95752,false
ObjectId("5d257ef46b361d2564f9577d"),108,""2019-06-18T22:20:25.000Z"",3,9,155,461,0,17,51,Joy,Joy+Fear,3031759144,48624,1783,85307,1.10243,true
ObjectId("5d257ef46b361d2564f9577e"),109,""2018-08-12T22:47:18.000Z"",12,9,743,1269,0,83,141,Joy,Joy+Fear,873575005585461248,682,348,2124,0.80005,false
ObjectId("5d257ef46b361d2564f9577f"),110,""2019-04-01T01:01:02.000Z"",4,9,323,2342,0,36,260,Joy,Joy+Disgust,234868986,13471,490,11351,1.11876,true
ObjectId("5d257ef46b361d2564f95780"),111,""2018-08-12T16:17:11.000Z"",5,9,61,194,1,7,22,Fear,Fear+Joy,1164836580,6354,275,2568,1.10526,false
ObjectId("5d257ef46b361d2564f95781"),112,""2019-06-20T16:36:41.000Z"",3,9,7999,14214,0,889,1579,Joy,Joy+Fear,1112087762067427329,18540,97,3320,1.42688,false
ObjectId("5d257ef46b361d2564f95782"),113,""2019-02-27T06:17:17.000Z"",2,9,76,926,0,8,103,Fear,Fear+Joy,50239585,128002,3137,101464,1.13578,true
ObjectId("5d257ef46b361d2564f95783"),114,""2019-05-31T15:47:52.000Z"",4,9,91,374,0,10,42,Joy,Joy+Fear,705329736856289280,765,1538,16957,0.68881,false
ObjectId("5d257ef46b361d2564f95784"),115,""2019-06-03T00:42:08.000Z"",0,9,175,1491,1,19,166,Fear,Fear+Joy,854483338530349056,23229,300,9686,1.25513,false
ObjectId("5d257ef46b361d2564f95785"),116,""2019-02-18T10:21:40.000Z"",4,9,1023,3099,0,114,344,Fear,Fear+Anger,792017765544693760,19202,2314,3240,0.9814,false
ObjectId("5d257ef46b361d2564f95786"),117,""2018-12-25T07:47:28.000Z"",2,9,639,1390,3,71,154,Joy,Joy+Anger,2796960419,6958,5735,32436,0.80749,false
ObjectId("5d257ef46b361d2564f95787"),118,""2019-06-19T19:01:16.000Z"",4,9,4,18,0,0,2,Joy,Joy+Fear,1084799348754460673,189,177,4690,0.70106,false
ObjectId("5d257ef46b361d2564f95788"),119,""2019-06-24T10:48:09.000Z"",2,9,152,445,0,17,49,Joy,Joy+Fear,220673613,11609,2768,17251,0.91502,true
ObjectId("5d257ef46b361d2564f95789"),120,""2019-03-04T15:54:20.000Z"",4,9,5770,12967,0,641,1441,Joy,Joy+Fear,239005322,70609,1041,19612,1.20683,true
ObjectId("5d257ef46b361d2564f9578a"),121,""2019-06-17T15:00:31.000Z"",0,9,146,1415,1,16,157,Joy,Joy+Fear,854483338530349056,23229,300,9686,1.25513,false
ObjectId("5d257ef46b361d2564f9578b"),122,""2018-08-22T22:57:26.000Z"",12,10,197,525,0,20,52,Joy,Joy+Fear,873575005585461248,682,348,2124,0.80005,false
ObjectId("5d257ef46b361d2564f9578c"),123,""2019-06-22T21:40:35.000Z"",5,10,318,417,0,32,42,Joy,Joy+Fear,17888709,22831,2754,321680,0.98163,false
ObjectId("5d257ef46b361d2564f9578d"),124,""2019-06-20T23:29:38.000Z"",2,10,2741,3671,0,274,367,Joy,Joy+Fear,105326014,5061,1580,2964,0.88221,false
ObjectId("5d257ef46b361d2564f9578e"),125,""2018-04-14T13:38:53.000Z"",4,10,8553,28806,0,855,2881,Joy,Joy+Sadness,15639774,91238,1529,4388,1.18532,true
ObjectId("5d257ef46b361d2564f9578f"),126,""2018-07-12T03:25:21.000Z"",4,10,395,1717,0,40,172,Joy,Joy+Sadness,16279337,5754,2240,131641,0.86429,false
ObjectId("5d257ef46b361d2564f95790"),127,""2019-06-22T22:20:06.000Z"",7,10,13635,52458,0,1364,5246,Disgust,Disgust+Joy,15407632,63504,961,41636,1.20577,true
ObjectId("5d257ef46b361d2564f95791"),128,""2018-12-24T03:44:01.000Z"",2,10,3793,9614,2,379,961,Joy,Joy+Surprise,124069045,15207,14433,72589,0.81058,false
ObjectId("5d257ef46b361d2564f95792"),129,""2018-06-22T14:14:21.000Z"",0,10,140,1050,0,14,105,Joy,Joy+Fear,854483338530349056,23229,300,9686,1.25513,false
ObjectId("5d257ef46b361d2564f95793"),130,""2018-05-29T15:05:03.000Z"",9,10,125,428,3,12,43,Fear,Fear+Sadness,429531188,58433,310,12467,1.36473,false
ObjectId("5d257ef46b361d2564f95794"),131,""2018-03-21T03:27:38.000Z"",7,10,38,63,0,4,6,Joy,Joy+Fear,2953623765,9904,1945,20363,0.93162,false
ObjectId("5d257ef46b361d2564f95795"),132,""2019-02-22T07:51:08.000Z"",4,10,333,2721,0,33,272,Fear,Fear+Joy,15327984,2840,648,9661,0.90589,false
ObjectId("5d257ef46b361d2564f95796"),133,""2019-06-09T09:52:34.000Z"",2,10,327040,1612234,0,32704,161223,Sadness,Sadness+Fear,250560251,267676,1565,8783,1.29389,false
ObjectId("5d257ef46b361d2564f95797"),134,""2019-02-05T16:26:43.000Z"",7,10,457,316,1,46,32,Joy,Joy+Disgust,522159892,8928,801,9704,1.01194,false
ObjectId("5d257ef46b361d2564f95798"),135,""2019-02-21T22:37:28.000Z"",9,10,31638,75299,0,3164,7530,Fear,Fear+Surprise,16129920,9639982,3290,10308,1.54606,true
ObjectId("5d257ef46b361d2564f95799"),136,""2017-12-31T23:15:30.000Z"",4,10,175,861,0,18,86,Joy,Joy+Fear,19370504,63171,686,83562,1.25113,false
ObjectId("5d257ef46b361d2564f9579a"),137,""2019-05-20T18:00:30.000Z"",9,10,55335,257152,0,5534,25715,Sadness,Sadness+Surprise,233842454,336166,5763,16149,1.16086,true
ObjectId("5d257ef46b361d2564f9579b"),138,""2018-04-19T13:01:59.000Z"",7,10,205,355,0,20,36,Fear,Fear+Joy,205241095,6777,5302,42438,0.8109,false
ObjectId("5d257ef46b361d2564f9579c"),139,""2018-01-25T21:32:19.000Z"",11,10,5934,12582,1,593,1258,Joy,Joy+Fear,16912124,182030,1606,82483,1.25062,true
ObjectId("5d257ef46b361d2564f9579d"),140,""2018-12-17T20:02:17.000Z"",11,11,7442,22720,0,677,2065,Fear,Fear+Joy,215207998,458000,2019,73689,1.31484,true
ObjectId("5d257ef46b361d2564f9579e"),141,""2018-08-16T16:40:55.000Z"",2,11,47395,143072,0,4309,13007,Anger,Anger+Joy,3383159573,77630,1533,21530,1.16824,true
ObjectId("5d257ef46b361d2564f9579f"),142,""2019-01-27T21:13:53.000Z"",4,11,88155,395028,0,8014,35912,Anger,Anger+Joy,3005582016,24529,1444,11222,1.05525,true
ObjectId("5d257ef46b361d2564f957a0"),143,""2019-04-08T21:42:58.000Z"",4,11,376,1694,0,34,154,Joy,Joy+Fear,878439888,12288,10172,44594,0.81669,false
ObjectId("5d257ef46b361d2564f957a1"),144,""2018-11-30T03:27:29.000Z"",4,11,830,4595,0,75,418,Joy,Joy+Surprise,150281740,75932,841,38276,1.24332,true
ObjectId("5d257ef46b361d2564f957a2"),145,""2019-06-25T20:48:48.000Z"",4,11,3572,13595,0,325,1236,Joy,Joy+Fear,22737278,129526,2701,11450,1.15359,true
ObjectId("5d257ef46b361d2564f957a3"),146,""2018-08-14T13:51:28.000Z"",10,11,9303,24262,0,846,2206,Fear,Fear+Anger,262856460,290063,941,56408,1.37454,true
ObjectId("5d257ef46b361d2564f957a4"),147,""2019-05-18T04:10:42.000Z"",0,11,10921,47671,1,993,4334,Disgust,Disgust+Anger,824794776633430016,15032,2471,15139,0.95083,true
ObjectId("5d257ef46b361d2564f957a5"),148,""2019-02-18T11:32:23.000Z"",4,11,1656,16304,0,151,1482,Joy,Joy+Fear,15907183,223142,3802,132204,1.16778,true
ObjectId("5d257ef46b361d2564f957a6"),149,""2018-12-15T02:59:09.000Z"",13,11,275,407,0,25,37,Joy,Joy+Fear,2231699054,5884,5767,119113,0.79179,false
ObjectId("5d257ef46b361d2564f957a7"),150,""2018-05-31T18:10:33.000Z"",1,11,12292,63000,0,1117,5727,Joy,Joy+Sadness,19086859,175315,2972,28100,1.17228,false
ObjectId("5d257ef46b361d2564f957a8"),151,""2017-12-06T21:51:31.000Z"",4,11,795,1793,0,72,163,Sadness,Sadness+Anger,879548970082721792,51265,3162,39518,1.04661,false
ObjectId("5d257ef46b361d2564f957a9"),152,""2019-05-15T19:44:32.000Z"",1,11,2001,8669,0,182,788,Joy,Joy+Anger,269000293,14132,899,74524,1.04956,true
ObjectId("5d257ef46b361d2564f957aa"),153,""2018-01-20T20:58:14.000Z"",4,11,369,1093,5,34,99,Fear,Fear+Joy,930233510165491712,21384,112,17940,1.41828,false
ObjectId("5d257ef46b361d2564f957ab"),154,""2019-06-22T04:59:51.000Z"",11,11,10757,22748,0,978,2068,Joy,Joy+Sadness,822491301484576772,31316,5642,34244,0.94618,false
ObjectId("5d257ef46b361d2564f957ac"),155,""2019-06-25T21:09:48.000Z"",13,11,0,38,0,0,3,Surprise,Surprise+Joy,1909232666,9331,2015,19568,0.92229,false
ObjectId("5d257ef46b361d2564f957ad"),156,""2019-02-08T04:06:28.000Z"",2,11,4166,6435,0,379,585,Anger,Anger+Surprise,21436625,1031,828,5442,0.76908,false
ObjectId("5d257ef46b361d2564f957ae"),157,""2018-12-27T15:10:41.000Z"",4,11,56,1509,4,5,137,Joy,Joy+Sadness,203246950,288,723,11363,0.63758,false
ObjectId("5d257ef46b361d2564f957af"),158,""2019-06-23T19:56:21.000Z"",4,11,28688,164016,0,2608,14911,Joy,Joy+Fear,1769646126,19492,3399,42277,0.94668,true
ObjectId("5d257ef46b361d2564f957b0"),159,""2019-04-08T13:01:32.000Z"",0,11,188,1588,1,17,144,Joy,Joy+Surprise,854483338530349056,23229,300,9686,1.25513,false
ObjectId("5d257ef46b361d2564f957b1"),160,""2019-02-20T13:48:32.000Z"",4,11,21669,46842,0,1970,4258,Disgust,Disgust+Joy,2439232495,15966,775,23788,1.08056,false
ObjectId("5d257ef46b361d2564f957b2"),161,""2019-05-12T12:21:09.000Z"",8,11,1606,8369,0,146,761,Anger,Anger+Surprise,248023936,7820,1153,59153,0.95841,false
ObjectId("5d257ef46b361d2564f957b3"),162,""2018-04-29T19:12:54.000Z"",12,11,213,396,0,19,36,Fear,Fear+Joy,2869446232,5261,4812,13698,0.79471,false
ObjectId("5d257ef46b361d2564f957b4"),163,""2019-04-23T07:25:08.000Z"",3,11,222,487,1,20,44,Fear,Fear+Anger,847051931738624000,14503,1237,35042,1.0168,false
ObjectId("5d257ef46b361d2564f957b5"),164,""2019-06-27T18:34:33.000Z"",8,12,70900,221823,0,5908,18485,Disgust,Disgust+Fear,1668848785,767,225,6448,0.86025,false
ObjectId("5d257ef46b361d2564f957b6"),165,""2019-05-30T13:35:51.000Z"",0,12,292,1157,0,24,96,Joy,Joy+Fear,137520495,5879,1147,8874,0.92843,false
ObjectId("5d257ef46b361d2564f957b7"),166,""2018-12-27T21:57:15.000Z"",3,12,1632,5153,0,136,429,Fear,Fear+Anger,25692368,58685,452,4256,1.30427,false
ObjectId("5d257ef46b361d2564f957b8"),167,""2018-08-22T12:57:16.000Z"",2,12,22646,63493,1,1887,5291,Joy,Joy+Fear,110727296,10262,1224,5980,0.9812,false
ObjectId("5d257ef46b361d2564f957b9"),168,""2018-12-28T19:14:22.000Z"",4,12,14001,35724,0,1167,2977,Joy,Joy+Surprise,959173934766837761,84644,1273,16015,1.20034,false
ObjectId("5d257ef46b361d2564f957ba"),169,""2019-01-28T02:38:17.000Z"",0,12,213,2087,1,18,174,Joy,Joy+Fear,854483338530349056,23229,300,9686,1.25513,false
ObjectId("5d257ef46b361d2564f957bb"),170,""2019-04-13T00:53:21.000Z"",1,12,956,3532,0,80,294,Joy,Joy+Fear,795105790835179520,4077,1136,506,0.8902,false
ObjectId("5d257ef46b361d2564f957bc"),171,""2018-12-27T21:01:46.000Z"",4,12,2199,10254,1,183,854,Joy,Joy+Surprise,61802282,73161,792,97376,1.24749,true
ObjectId("5d257ef46b361d2564f957bd"),172,""2019-05-18T02:47:20.000Z"",4,12,8923,29586,0,744,2466,Joy,Joy+Anger,830908366377611266,357107,1053,2377,1.38032,true
ObjectId("5d257ef46b361d2564f957be"),173,""2018-12-05T02:45:42.000Z"",4,12,6693,15836,0,558,1320,Fear,Fear+Joy,39076082,132590,6531,433025,1.06386,false
ObjectId("5d257ef46b361d2564f957bf"),174,""2018-08-29T11:56:38.000Z"",4,12,86,318,0,7,26,Sadness,Sadness+Joy,2775866878,21667,4245,36224,0.93687,false
ObjectId("5d257ef46b361d2564f957c0"),175,""2019-05-31T19:39:18.000Z"",7,12,729,968,1,61,81,Fear,Fear+Joy,845795943479959552,15980,15585,22137,0.80952,false
ObjectId("5d257ef46b361d2564f957c1"),176,""2019-02-22T19:09:02.000Z"",4,12,990,4841,0,82,403,Joy,Joy+Fear,85623871,15505,2352,7655,0.95857,false
ObjectId("5d257ef46b361d2564f957c2"),177,""2019-06-24T22:53:24.000Z"",2,13,34144,56562,0,2626,4351,Joy,Joy+Fear,44513878,197471,59731,76126,0.91678,true
ObjectId("5d257ef46b361d2564f957c3"),178,""2019-04-19T21:37:23.000Z"",4,12,150,1575,0,12,131,Anger,Anger+Surprise,2821921756,5059,750,9292,0.95575,false
ObjectId("5d257ef46b361d2564f957c4"),179,""2019-06-25T16:29:17.000Z"",3,12,44209,69548,1,3684,5796,Fear,Fear+Joy,926051314882306048,1516,256,1733,0.93286,false
ObjectId("5d257ef46b361d2564f957c5"),180,""2018-11-28T02:15:06.000Z"",7,12,2383,8508,0,199,709,Joy,Joy+Disgust,30395567,162096,2680,38143,1.17647,false
ObjectId("5d257ef46b361d2564f957c6"),181,""2018-01-12T04:00:13.000Z"",5,12,890,1603,3,74,134,Joy,Joy+Surprise,39076082,132590,6531,433025,1.06386,false
ObjectId("5d257ef46b361d2564f957c7"),182,""2018-08-23T20:11:40.000Z"",8,12,1567,3435,1,131,286,Fear,Fear+Surprise,19866236,15288,290,10909,1.208,true
ObjectId("5d257ef46b361d2564f957c8"),183,""2018-12-05T03:29:38.000Z"",4,13,12786,37918,0,984,2917,Joy,Joy+Fear,15464697,355178,1236,53365,1.35629,true
ObjectId("5d257ef46b361d2564f957c9"),184,""2019-06-15T04:13:34.000Z"",6,13,18573,99411,0,1429,7647,Fear,Fear+Joy,4376835677,84490,76036,76241,0.83775,false
ObjectId("5d257ef46b361d2564f957ca"),185,""2019-05-27T21:56:49.000Z"",4,13,187,663,0,14,51,Joy,Joy+Fear,255223525,2353,852,164787,0.85776,false
ObjectId("5d257ef46b361d2564f957cb"),186,""2019-06-13T14:25:30.000Z"",11,13,22157,79276,0,1704,6098,Joy,Joy+Fear,18686907,756238,796,62680,1.50679,true
ObjectId("5d257ef46b361d2564f957cc"),187,""2019-06-17T00:09:19.000Z"",4,13,38,305,1,3,23,Joy,Joy+Fear,17630756,1894,2751,42895,0.73826,false
ObjectId("5d257ef46b361d2564f957cd"),188,""2018-08-30T17:48:32.000Z"",0,13,923,1789,3,71,138,Fear,Fear+Joy,566278892,15113,9928,181914,0.83639,false
ObjectId("5d257ef46b361d2564f957ce"),189,""2019-06-11T02:46:39.000Z"",10,13,15099,39375,0,1161,3029,Fear,Fear+Anger,812135885328236551,269441,282,34099,1.57323,true
ObjectId("5d257ef46b361d2564f957cf"),190,""2019-06-23T21:22:26.000Z"",4,13,570,1992,0,44,153,Anger,Anger+Joy,310870197,12189,171,3046,1.26286,false
ObjectId("5d257ef46b361d2564f957d0"),191,""2018-08-20T15:34:05.000Z"",4,13,47184,147988,0,3630,11384,Joy,Joy+Fear,926601,59721,5098,20797,1.01458,true
ObjectId("5d257ef46b361d2564f957d1"),192,""2019-04-20T21:10:12.000Z"",4,13,8058,23609,0,620,1816,Disgust,Disgust+Joy,397782926,6666,199,18604,1.15841,false
ObjectId("5d257ef46b361d2564f957d2"),193,""2019-03-23T18:52:37.000Z"",8,13,1632,8862,0,126,682,Joy,Joy+Fear,1067486060970598400,1257,339,2564,0.87773,false
ObjectId("5d257ef46b361d2564f957d3"),194,""2019-05-31T16:30:32.000Z"",9,13,6322,15054,1,486,1158,Fear,Fear+Sadness,1112087762067427329,18540,97,3320,1.42688,false
ObjectId("5d257ef46b361d2564f957d4"),195,""2018-04-15T17:52:23.000Z"",4,13,2939,10438,0,226,803,Fear,Fear+Joy,80356272,6679,3740,63302,0.83638,true
ObjectId("5d257ef46b361d2564f957d5"),196,""2019-06-23T04:34:34.000Z"",3,13,28140,71708,0,2165,5516,Joy,Joy+Fear,47474439,15054,5038,25468,0.88843,false
ObjectId("5d257ef46b361d2564f957d6"),197,""2019-05-18T19:30:26.000Z"",9,13,240786,952814,0,18522,73293,Joy,Joy+Anger,233842454,336166,5763,16149,1.16086,true
ObjectId("5d257ef46b361d2564f957d7"),198,""2019-06-25T20:52:33.000Z"",12,13,0,0,0,0,0,Joy,Joy+Fear,1142862391828463617,0,3,162,0,false
ObjectId("5d257ef46b361d2564f957d8"),199,""2019-03-19T04:50:44.000Z"",12,14,152,331,1,11,24,Fear,Fear+Joy,4025552435,2367,1742,93608,0.7956,false
ObjectId("5d257ef46b361d2564f957d9"),200,""2018-05-29T03:55:25.000Z"",4,14,35,100,0,2,7,Joy,Joy+Fear,5404442,45755,6692,158153,0.96577,true
ObjectId("5d257ef46b361d2564f957da"),201,""2019-04-26T20:17:37.000Z"",7,14,151,459,1,11,33,Joy,Joy+Anger,1890585546,10751,2451,13663,0.91844,false
ObjectId("5d257ef46b361d2564f957db"),202,""2018-04-02T20:09:10.000Z"",11,14,1549,4618,1,111,330,Fear,Fear+Anger,54861430,72425,1996,196391,1.13011,false
ObjectId("5d257ef46b361d2564f957dc"),203,""2019-02-27T03:35:21.000Z"",5,14,243,188,1,17,13,Sadness,Sadness+Joy,15784302,67033,48320,25075,0.84908,false
ObjectId("5d257ef46b361d2564f957dd"),204,""2019-06-23T13:41:14.000Z"",0,14,3568,11010,0,255,786,Fear,Fear+Joy,301863076,52686,1756,8330,1.11236,true
ObjectId("5d257ef46b361d2564f957de"),205,""2019-03-01T02:16:04.000Z"",9,14,823,2173,0,59,155,Joy,Joy+Surprise,1006186075390439424,1397,1480,8304,0.75422,false
ObjectId("5d257ef46b361d2564f957df"),206,""2019-01-20T22:43:42.000Z"",13,14,340,554,2,24,40,Fear,Fear+Anger,2554131522,35489,248,52275,1.33976,false
ObjectId("5d257ef46b361d2564f957e0"),207,""2018-04-27T13:04:59.000Z"",10,14,2482,2181,4,177,156,Fear,Fear+Joy,847051931738624000,14503,1237,35042,1.0168,false
ObjectId("5d257ef46b361d2564f957e1"),208,""2018-07-27T09:40:19.000Z"",2,14,1315,1880,0,94,134,Fear,Fear+Disgust,2659372678,9616,608,21713,1.05243,false
ObjectId("5d257ef46b361d2564f957e2"),209,""2019-06-04T16:49:14.000Z"",9,14,4709,14903,0,336,1064,Fear,Fear+Surprise,982675379319132160,78135,99,6389,1.63095,false
ObjectId("5d257ef46b361d2564f957e3"),210,""2019-06-21T16:20:02.000Z"",12,14,18539,34069,0,1324,2434,Joy,Joy+Surprise,61734492,645393,4570,43988,1.24674,true
ObjectId("5d257ef46b361d2564f957e4"),211,""2019-06-23T19:06:50.000Z"",2,14,33,133,0,2,10,Joy,Joy+Fear,575723052,2671,2559,16323,0.77737,false
ObjectId("5d257ef46b361d2564f957e5"),212,""2018-04-27T14:14:13.000Z"",6,14,324,1170,0,23,84,Fear,Fear+Sadness,1688796138,15807,110,4653,1.3788,false
ObjectId("5d257ef46b361d2564f957e6"),213,""2019-03-31T12:25:05.000Z"",7,14,900,3432,0,64,245,Fear,Fear+Joy,16113072,21952,3134,21865,0.96558,true
ObjectId("5d257ef46b361d2564f957e7"),214,""2019-05-16T11:38:34.000Z"",7,14,6533,26756,1,467,1911,Joy,Joy+Surprise,1003107003693137921,80833,16826,7382,0.93907,true
ObjectId("5d257ef46b361d2564f957e8"),215,""2018-12-12T07:49:59.000Z"",0,14,472,1313,3,34,94,Sadness,Sadness+Fear,30706364,11049,5989,206967,0.84635,false
ObjectId("5d257ef46b361d2564f957e9"),216,""2018-05-18T01:45:44.000Z"",7,14,5185,25930,0,370,1852,Fear,Fear+Joy,343600277,11453,1026,242697,1.01181,false
ObjectId("5d257ef46b361d2564f957ea"),217,""2019-06-26T21:09:21.000Z"",1,14,443,1918,0,32,137,Fear,Fear+Joy,765124940144123904,9168,6827,25422,0.81963,false
ObjectId("5d257ef46b361d2564f957eb"),218,""2018-07-23T19:54:29.000Z"",4,15,2460,7360,0,164,491,Joy,Joy+Fear,225265639,578806,1192,94494,1.41355,true
ObjectId("5d257ef46b361d2564f957ec"),219,""2018-12-14T19:20:47.000Z"",4,15,7565,17532,0,504,1169,Joy,Joy+Sadness,215207998,458000,2019,73689,1.31484,true
ObjectId("5d257ef46b361d2564f957ed"),220,""2019-03-25T22:02:04.000Z"",9,15,21083,68608,0,1406,4574,Joy,Joy+Fear,2568461,36112,5102,39737,0.9681,true
ObjectId("5d257ef46b361d2564f957ee"),221,""2019-01-25T19:59:29.000Z"",11,15,24855,82796,1,1657,5520,Anger,Anger+Fear,215207998,458000,2019,73689,1.31484,true
ObjectId("5d257ef46b361d2564f957ef"),222,""2018-12-09T16:00:20.000Z"",13,15,351,400,1,23,27,Joy,Joy+Surprise,2554131522,35489,248,52275,1.33976,false
ObjectId("5d257ef46b361d2564f957f0"),223,""2017-12-30T20:26:25.000Z"",4,15,12725,70827,0,848,4722,Joy,Joy+Fear,910933562500796416,12774,423,19566,1.13205,false
ObjectId("5d257ef46b361d2564f957f1"),224,""2018-08-06T19:16:11.000Z"",8,15,122,280,0,8,19,Joy,Joy+Fear,33001753,2462,1939,4767,0.79096,false
ObjectId("5d257ef46b361d2564f957f2"),225,""2019-05-23T13:44:11.000Z"",4,15,275,2152,0,18,143,Joy,Joy+Fear,16113072,21952,3134,21865,0.96558,true
ObjectId("5d257ef46b361d2564f957f3"),226,""2018-08-16T21:21:05.000Z"",11,15,12218,33782,0,815,2252,Fear,Fear+Anger,3223426134,677357,37,53238,2.2602,true
ObjectId("5d257ef46b361d2564f957f4"),227,""2019-05-30T09:31:19.000Z"",0,15,883,2045,0,59,136,Fear,Fear+Sadness,139328853,15285,7495,25162,0.85835,false
ObjectId("5d257ef46b361d2564f957f5"),228,""2019-05-24T18:13:41.000Z"",9,15,4969,9563,0,331,638,Joy,Joy+Fear,982675379319132160,78135,99,6389,1.63095,false
ObjectId("5d257ef46b361d2564f957f6"),229,""2019-06-25T20:55:44.000Z"",6,15,1,9,0,0,1,Sadness,Sadness+Joy,594071383,1503,564,1309,0.8468,false
ObjectId("5d257ef46b361d2564f957f7"),230,""2019-06-25T20:38:30.000Z"",2,15,7555,49933,0,504,3329,Sadness,Sadness+Disgust,892771791030059008,2614,832,14580,0.87166,false
ObjectId("5d257ef46b361d2564f957f8"),231,""2018-11-27T14:02:40.000Z"",13,15,10409,23344,0,694,1556,Joy,Joy+Surprise,40616820,82796,753,56559,1.26839,true
ObjectId("5d257ef46b361d2564f957f9"),232,""2019-03-23T22:41:11.000Z"",4,15,3804,12092,4,254,806,Joy,Joy+Fear,41573767,4387,3299,21152,0.80608,false
ObjectId("5d257ef46b361d2564f957fa"),233,""2019-06-27T13:56:54.000Z"",3,15,1041,2315,0,69,154,Fear,Fear+Anger,72579376,20855,189,55890,1.31734,false
ObjectId("5d257ef46b361d2564f957fb"),234,""2019-05-31T05:14:35.000Z"",4,15,157,248,0,10,17,Fear,Fear+Joy,760686381886742528,756,392,21612,0.801,false
ObjectId("5d257ef46b361d2564f957fc"),235,""2019-02-15T20:21:42.000Z"",8,16,1115,7029,0,70,439,Joy,Joy+Fear,870324519788879872,69427,292,3536,1.39652,false
ObjectId("5d257ef46b361d2564f957fd"),236,""2019-01-26T19:19:46.000Z"",4,16,2023,6024,0,126,376,Disgust,Disgust+Fear,1252520990,12396,7503,89489,0.8396,false
ObjectId("5d257ef46b361d2564f957fe"),237,""2019-05-19T11:32:39.000Z"",7,16,802,4085,1,50,255,Fear,Fear+Joy,16113072,21952,3134,21865,0.96558,true
ObjectId("5d257ef46b361d2564f957ff"),238,""2019-06-25T20:45:55.000Z"",1,16,75,313,0,5,20,Joy,Joy+Fear,776057457730785280,2610,1668,5982,0.8092,false
ObjectId("5d257ef46b361d2564f95800"),239,""2019-02-21T19:16:51.000Z"",12,16,1835,6526,1,115,408,Joy,Joy+Sadness,2957772357,3660,4662,28316,0.7633,false
ObjectId("5d257ef46b361d2564f95801"),240,""2019-05-20T22:39:09.000Z"",9,16,21641,62060,0,1353,3879,Fear,Fear+Joy,830908366377611266,357107,1053,2377,1.38032,true
ObjectId("5d257ef46b361d2564f95802"),241,""2019-01-29T21:17:56.000Z"",6,16,501,922,0,31,58,Joy,Joy+Anger,821846067591286784,13744,14009,46305,0.80408,false
ObjectId("5d257ef46b361d2564f95803"),242,""2018-03-21T04:37:52.000Z"",10,16,3201,3352,0,200,210,Joy,Joy+Fear,1521308238,44509,10,1603,2.2771,false
ObjectId("5d257ef46b361d2564f95804"),243,""2019-06-26T20:47:11.000Z"",9,16,8018,26995,0,501,1687,Joy,Joy+Fear,1135486501,25751,942,10385,1.10977,true
ObjectId("5d257ef46b361d2564f95805"),244,""2018-12-22T14:04:38.000Z"",10,16,13855,106323,1,866,6645,Joy,Joy+Surprise,62513246,14659372,664,12043,1.87456,true
ObjectId("5d257ef46b361d2564f95806"),245,""2017-12-01T16:00:01.000Z"",9,16,3577,11834,0,224,740,Fear,Fear+Surprise,759481842814726144,203698,1015,24269,1.32496,true
ObjectId("5d257ef46b361d2564f95807"),246,""2017-12-04T18:17:34.000Z"",5,16,4550,9238,0,284,577,Joy,Joy+Fear,879548970082721792,51265,3162,39518,1.04661,false
ObjectId("5d257ef46b361d2564f95808"),247,""2018-12-29T03:53:15.000Z"",10,16,3011,4546,0,188,284,Sadness,Sadness+Joy,879548970082721792,51265,3162,39518,1.04661,false
ObjectId("5d257ef46b361d2564f95809"),248,""2018-12-29T08:10:34.000Z"",6,16,883,2462,1,55,154,Fear,Fear+Anger,2615581908,12670,2699,49196,0.92586,false
ObjectId("5d257ef46b361d2564f9580a"),249,""2018-05-30T08:22:19.000Z"",3,16,90,745,1,6,47,Anger,Anger+Joy,376943760,1654,1395,16563,0.77657,false
ObjectId("5d257ef46b361d2564f9580b"),250,""2018-12-28T12:38:59.000Z"",12,16,7639,9685,0,477,605,Joy,Joy+Anger,193195646,13471,2524,24365,0.93803,false
ObjectId("5d257ef46b361d2564f9580c"),251,""2018-08-17T13:59:14.000Z"",4,17,21226,30933,5,1249,1820,Joy,Joy+Surprise,851211,110363,3471,27918,1.11061,true
ObjectId("5d257ef46b361d2564f9580d"),252,""2019-03-11T04:25:37.000Z"",6,17,16269,13359,0,957,786,Joy,Joy+Fear,1017609582,34959,1007,4059,1.13491,true
ObjectId("5d257ef46b361d2564f9580e"),253,""2019-02-15T02:24:28.000Z"",4,17,7330,16140,0,431,949,Surprise,Surprise+Anger,39076082,132590,6531,433025,1.06386,false
ObjectId("5d257ef46b361d2564f9580f"),254,""2018-03-21T00:12:03.000Z"",3,17,1616,8405,0,95,494,Joy,Joy+Sadness,179255183,51108,3236,395272,1.04398,true
ObjectId("5d257ef46b361d2564f95810"),255,""2018-12-25T08:48:21.000Z"",7,17,2781,4806,36,164,283,Joy,Joy+Fear,21849016,1016,368,7813,0.84309,false
ObjectId("5d257ef46b361d2564f95811"),256,""2018-08-24T13:40:17.000Z"",13,17,210,486,5,12,29,Joy,Joy+Fear,2554131522,35489,248,52275,1.33976,false
ObjectId("5d257ef46b361d2564f95812"),257,""2018-08-29T11:51:13.000Z"",4,17,314,1844,0,18,108,Sadness,Sadness+Joy,16597389,65240,2640,128162,1.08882,true
ObjectId("5d257ef46b361d2564f95813"),258,""2019-05-08T20:09:03.000Z"",4,17,17632,50121,0,1037,2948,Surprise,Surprise+Joy,3223426134,677357,37,53238,2.2602,true
ObjectId("5d257ef46b361d2564f95814"),259,""2019-05-31T08:24:18.000Z"",4,17,733,1443,5,43,85,Joy,Joy+Fear,358443316,3732,614,6927,0.94278,false
ObjectId("5d257ef46b361d2564f95815"),260,""2018-08-31T16:57:21.000Z"",4,17,308,627,3,18,37,Joy,Joy+Fear,2554131522,35489,248,52275,1.33976,false
ObjectId("5d257ef46b361d2564f95816"),261,""2019-05-06T01:14:21.000Z"",10,17,1242,1329,0,73,78,Joy,Joy+Fear,787473361056239616,27942,24462,167522,0.82514,false
ObjectId("5d257ef46b361d2564f95817"),262,""2019-03-24T22:49:26.000Z"",7,17,339,1543,0,20,91,Joy,Joy+Surprise,897431451225948161,7426,488,16425,1.0492,false
ObjectId("5d257ef46b361d2564f95818"),263,""2019-06-19T01:57:00.000Z"",4,17,4804,16870,0,283,992,Fear,Fear+Anger,20764031,73393,11506,26026,0.96141,true
ObjectId("5d257ef46b361d2564f95819"),264,""2018-08-23T00:39:38.000Z"",9,18,4215,6698,0,234,372,Joy,Joy+Fear,2281325286,46037,1666,4643,1.1045,false
ObjectId("5d257ef46b361d2564f9581a"),265,""2019-05-18T12:43:41.000Z"",0,18,334,2380,1,19,132,Joy,Joy+Fear,854483338530349056,23229,300,9686,1.25513,false
ObjectId("5d257ef46b361d2564f9581b"),266,""2019-02-16T05:15:39.000Z"",9,18,5942,26766,0,330,1487,Surprise,Surprise+Anger,16129920,9639982,3290,10308,1.54606,true
ObjectId("5d257ef46b361d2564f9581c"),267,""2018-04-19T16:19:24.000Z"",4,18,30384,297183,0,1688,16510,Joy,Joy+Anger,15907183,223142,3802,132204,1.16778,true
ObjectId("5d257ef46b361d2564f9581d"),268,""2018-08-29T20:03:19.000Z"",4,18,54,200,0,3,11,Joy,Joy+Surprise,42463141,2193,1523,3207,0.79877,false
ObjectId("5d257ef46b361d2564f9581e"),269,""2018-03-29T00:42:16.000Z"",4,18,800,1950,17,44,108,Fear,Fear+Joy,749684424,3725,3918,6839,0.77751,false
ObjectId("5d257ef46b361d2564f9581f"),270,""2019-06-24T15:58:50.000Z"",4,18,3954,15108,0,220,839,Surprise,Surprise+Fear,922147169863421954,2500,399,11794,0.94338,false
ObjectId("5d257ef46b361d2564f95820"),271,""2019-06-18T21:53:52.000Z"",10,18,38619,210639,0,2146,11702,Fear,Fear+Joy,15907183,223142,3802,132204,1.16778,true
ObjectId("5d257ef46b361d2564f95821"),272,""2017-12-05T00:27:03.000Z"",5,19,4519,6939,0,238,365,Joy,Joy+Fear,879548970082721792,51265,3162,39518,1.04661,false
ObjectId("5d257ef46b361d2564f95822"),273,""2019-06-28T05:26:43.000Z"",13,19,876,3001,0,46,158,Surprise,Surprise+Joy,761086481821634560,9289,180,1367,1.21805,false
ObjectId("5d257ef46b361d2564f95823"),274,""2019-02-08T16:08:24.000Z"",2,19,7163,37452,0,377,1971,Joy,Joy+Anger,1209304614,8174,2600,12520,0.88615,true
ObjectId("5d257ef46b361d2564f95824"),275,""2019-04-26T15:00:38.000Z"",1,19,54,234,0,3,12,Joy,Joy+Fear,16347115,37110,4381,41975,0.98445,false
ObjectId("5d257ef46b361d2564f95825"),276,""2019-02-03T23:24:13.000Z"",4,19,6913,20385,0,364,1073,Joy,Joy+Fear,14542977,30881,5736,11581,0.94348,false
ObjectId("5d257ef46b361d2564f95826"),277,""2018-04-12T03:16:20.000Z"",4,19,2468,12310,0,130,648,Joy,Joy+Fear,14533639,7113,178,678,1.18423,false
ObjectId("5d257ef46b361d2564f95827"),278,""2018-08-08T21:47:49.000Z"",4,19,45107,155746,1,2374,8197,Joy,Joy+Fear,85583894,273108,274,51258,1.58064,true
ObjectId("5d257ef46b361d2564f95828"),279,""2019-01-27T20:58:22.000Z"",4,19,1177,4990,0,62,263,Joy,Joy+Fear,782667979741814784,17488,2207,21076,0.9767,false
ObjectId("5d257ef46b361d2564f95829"),280,""2018-03-02T13:37:13.000Z"",4,19,11224,26070,1,591,1372,Joy,Joy+Fear,9820002,7380,5594,90718,0.81472,false
ObjectId("5d257ef46b361d2564f9582a"),281,""2019-03-19T21:41:55.000Z"",2,19,6629,11632,1,349,612,Joy,Joy+Fear,51547100,155903,2523,9542,1.17963,true
ObjectId("5d257ef46b361d2564f9582b"),282,""2019-05-31T14:51:41.000Z"",3,19,61238,527964,0,3223,27788,Joy,Joy+Fear,323599188,132430,263,22148,1.49696,true
ObjectId("5d257ef46b361d2564f9582c"),283,""2018-08-27T02:59:50.000Z"",3,20,8583,23016,0,429,1151,Joy,Joy+Surprise,979171706639134720,14681,109,8288,1.37003,false
ObjectId("5d257ef46b361d2564f9582d"),284,""2019-06-27T23:28:45.000Z"",0,20,3197,9489,0,160,474,Fear,Fear+Joy,39076082,132590,6531,433025,1.06386,false
ObjectId("5d257ef46b361d2564f9582e"),285,""2018-02-25T01:30:39.000Z"",1,20,576,3415,1,29,171,Joy,Joy+Fear,13594922,875,842,2177,0.74952,false
ObjectId("5d257ef46b361d2564f9582f"),286,""2019-02-10T19:44:16.000Z"",1,20,1935,8190,0,97,410,Joy,Joy+Anger,140665322,6767,1743,132290,0.90308,false
ObjectId("5d257ef46b361d2564f95830"),287,""2018-04-25T02:28:17.000Z"",4,20,2041,8990,0,102,450,Joy,Joy+Fear,14533639,7113,178,678,1.18423,false
ObjectId("5d257ef46b361d2564f95831"),288,""2019-02-04T20:03:22.000Z"",8,20,1869,7475,0,93,374,Fear,Fear+Joy,2155641480,16260,4957,64294,0.89688,false
ObjectId("5d257ef46b361d2564f95832"),289,""2018-03-14T04:42:52.000Z"",12,20,3312,10315,0,166,516,Joy,Joy+Surprise,39005137,6118,451,30398,1.03599,false
ObjectId("5d257ef46b361d2564f95833"),290,""2018-05-22T06:00:36.000Z"",5,20,1515,3395,0,76,170,Joy,Joy+Fear,879548970082721792,51265,3162,39518,1.04661,false
ObjectId("5d257ef46b361d2564f95834"),291,""2019-06-18T19:28:53.000Z"",13,20,2939,15930,0,147,796,Joy,Joy+Fear,61417559,347212,3345,12742,1.22457,true
ObjectId("5d257ef46b361d2564f95835"),292,""2018-11-30T01:15:30.000Z"",1,21,2319,2883,0,110,137,Fear,Fear+Surprise,157487202,5525,4461,75690,0.8049,false
ObjectId("5d257ef46b361d2564f95836"),293,""2018-12-29T23:17:02.000Z"",7,21,853,946,0,41,45,Fear,Fear+Joy,2711867643,10849,11891,66900,0.79512,false
ObjectId("5d257ef46b361d2564f95837"),294,""2019-01-21T02:12:27.000Z"",4,21,635,4022,0,30,192,Disgust,Disgust+Fear,50239585,128002,3137,101464,1.13578,true
ObjectId("5d257ef46b361d2564f95838"),295,""2019-02-18T19:31:30.000Z"",4,21,11190,65033,0,533,3097,Joy,Joy+Fear,1706101310,60591,2957,25469,1.06965,true
ObjectId("5d257ef46b361d2564f95839"),296,""2019-03-28T15:48:48.000Z"",4,21,1212,5223,1,58,249,Joy,Joy+Fear,14895030,121129,501,9604,1.37359,false
ObjectId("5d257ef46b361d2564f9583a"),297,""2019-02-27T15:26:42.000Z"",4,21,765,3725,0,36,177,Fear,Fear+Anger,57362322,50728,998,63271,1.17644,true
ObjectId("5d257ef46b361d2564f9583b"),298,""2017-12-11T07:49:29.000Z"",4,21,3857,8601,0,184,410,Joy,Joy+Surprise,879548970082721792,51265,3162,39518,1.04661,false
ObjectId("5d257ef46b361d2564f9583c"),299,""2019-02-03T08:46:03.000Z"",1,21,98,1400,1,5,67,Joy,Joy+Fear,355985089,635,808,2846,0.71737,false
ObjectId("5d257ef46b361d2564f9583d"),300,""2018-03-21T21:23:14.000Z"",13,21,23422,59143,0,1115,2816,Fear,Fear+Sadness,68746721,150327,593,11705,1.37184,true
ObjectId("5d257ef46b361d2564f9583e"),301,""2018-12-27T17:29:08.000Z"",4,21,3834,19485,0,183,928,Fear,Fear+Anger,41223126,127684,1354,99008,1.23577,false
ObjectId("5d257ef46b361d2564f9583f"),302,""2019-02-20T17:50:32.000Z"",9,21,6801,17354,0,324,826,Joy,Joy+Fear,24822993,125031,983,36604,1.27649,false
ObjectId("5d257ef46b361d2564f95840"),303,""2019-05-06T19:44:58.000Z"",12,21,1783,3273,0,85,156,Joy,Joy+Anger,14067467,5489,355,4153,1.05297,false
ObjectId("5d257ef46b361d2564f95841"),304,""2018-08-13T15:11:54.000Z"",4,22,711,1094,7,32,50,Joy,Joy+Fear,14879097,179735,28412,367435,0.96353,false
ObjectId("5d257ef46b361d2564f95842"),305,""2019-03-23T04:58:15.000Z"",4,22,4191,21954,0,190,998,Joy,Joy+Fear,620197006,25448,1176,30157,1.08227,false
ObjectId("5d257ef46b361d2564f95843"),306,""2019-02-21T00:30:11.000Z"",6,22,211,451,0,10,20,Joy,Joy+Fear,1252520990,12396,7503,89489,0.8396,false
ObjectId("5d257ef46b361d2564f95844"),307,""2019-06-25T00:32:07.000Z"",0,22,284,1192,0,13,54,Fear,Fear+Joy,385723968,2013,544,6482,0.88429,false
ObjectId("5d257ef46b361d2564f95845"),308,""2019-01-21T17:49:13.000Z"",13,22,862,1180,2,39,54,Fear,Fear+Joy,2554131522,35489,248,52275,1.33976,false
ObjectId("5d257ef46b361d2564f95846"),309,""2019-05-15T16:14:38.000Z"",4,22,46127,307794,0,2097,13991,Fear,Fear+Joy,20466483,13334,964,80128,1.03525,false
ObjectId("5d257ef46b361d2564f95847"),310,""2018-08-03T15:59:49.000Z"",4,22,79,530,4,4,24,Joy,Joy+Fear,14203895,52277,808,41610,1.20736,true
ObjectId("5d257ef46b361d2564f95848"),311,""2017-12-16T22:28:04.000Z"",13,22,4466,8769,1,203,399,Joy,Joy+Surprise,111683028,98389,838,59273,1.27249,false
ObjectId("5d257ef46b361d2564f95849"),312,""2018-08-23T22:38:13.000Z"",5,22,16415,37115,0,746,1687,Fear,Fear+Disgust,475454826,74485,928,16322,1.22784,true
ObjectId("5d257ef46b361d2564f9584a"),313,""2018-11-28T02:29:01.000Z"",9,22,9928,40662,1,451,1848,Joy,Joy+Fear,759481842814726144,203698,1015,24269,1.32496,true
ObjectId("5d257ef46b361d2564f9584b"),314,""2017-12-14T03:18:26.000Z"",5,23,4944,7999,0,215,348,Anger,Anger+Fear,879548970082721792,51265,3162,39518,1.04661,false
ObjectId("5d257ef46b361d2564f9584c"),315,""2019-02-12T18:41:05.000Z"",13,23,459,628,3,20,27,Fear,Fear+Joy,2554131522,35489,248,52275,1.33976,false
ObjectId("5d257ef46b361d2564f9584d"),316,""2018-08-31T01:52:37.000Z"",7,23,3648,5356,0,159,233,Joy,Joy+Fear,20878297,178386,1475,122591,1.2596,true
ObjectId("5d257ef46b361d2564f9584e"),317,""2019-06-25T21:30:19.000Z"",8,23,610,895,3,27,39,Anger,Anger+Sadness,3371900770,31234,32874,121745,0.81471,false
ObjectId("5d257ef46b361d2564f9584f"),318,""2019-06-19T11:45:04.000Z"",7,23,15871,26542,2,690,1154,Fear,Fear+Disgust,335060282,83575,1030,32864,1.22646,false
ObjectId("5d257ef46b361d2564f95850"),319,""2019-05-16T07:54:45.000Z"",10,23,1591,3550,1,69,154,Joy,Joy+Anger,53854893,29156,10462,11725,0.88945,false
ObjectId("5d257ef46b361d2564f95851"),320,""2019-06-18T23:53:04.000Z"",5,23,8747,17673,0,380,768,Fear,Fear+Joy,24822993,125031,983,36604,1.27649,false
ObjectId("5d257ef46b361d2564f95852"),321,""2018-11-28T14:26:07.000Z"",9,23,102676,153219,4,4464,6662,Joy,Joy+Anger,14085040,434699,960,190789,1.41566,true
ObjectId("5d257ef46b361d2564f95853"),322,""2019-04-11T21:30:02.000Z"",4,23,10595,25349,0,461,1102,Disgust,Disgust+Fear,429531188,58433,310,12467,1.36473,false
ObjectId("5d257ef46b361d2564f95854"),323,""2018-04-21T13:08:43.000Z"",4,23,728,629,9,32,27,Joy,Joy+Fear,2554131522,35489,248,52275,1.33976,false
ObjectId("5d257ef46b361d2564f95855"),324,""2019-02-24T00:45:21.000Z"",4,24,2291,8221,0,95,343,Joy,Joy+Fear,39076082,132590,6531,433025,1.06386,false
ObjectId("5d257ef46b361d2564f95856"),325,""2018-08-28T14:51:44.000Z"",0,24,2593,6934,7,108,289,Joy,Joy+Fear,1220645714,46442,3679,136858,1.02214,true
ObjectId("5d257ef46b361d2564f95857"),326,""2018-03-05T21:47:32.000Z"",11,24,10500,35217,0,438,1467,Joy,Joy+Fear,3223426134,677357,37,53238,2.2602,true
ObjectId("5d257ef46b361d2564f95858"),327,""2018-12-01T04:55:01.000Z"",4,24,5187,55568,0,216,2315,Fear,Fear+Joy,468535828,19509,1781,15479,1.00926,true
ObjectId("5d257ef46b361d2564f95859"),328,""2019-02-28T22:55:13.000Z"",0,24,330,1796,0,14,75,Joy,Joy+Fear,2602262088,29176,2154,8143,1.03037,false
ObjectId("5d257ef46b361d2564f9585a"),329,""2019-06-24T16:55:06.000Z"",8,24,49534,81852,0,2064,3410,Joy,Joy+Fear,17264476,86289,4981,79250,1.05078,true
ObjectId("5d257ef46b361d2564f9585b"),330,""2019-02-21T01:33:33.000Z"",10,25,15332,77828,0,613,3113,Fear,Fear+Joy,15907183,223142,3802,132204,1.16778,true
ObjectId("5d257ef46b361d2564f9585c"),331,""2018-08-10T06:37:25.000Z"",4,25,6276,43273,0,251,1731,Fear,Fear+Anger,784575415457308672,194060,1079,85393,1.31103,false
ObjectId("5d257ef46b361d2564f9585d"),332,""2019-05-20T11:44:57.000Z"",4,25,2,131,1,0,5,Joy,Joy+Fear,1352397775,559,137,2780,0.87525,false
ObjectId("5d257ef46b361d2564f9585e"),333,""2019-05-24T16:30:01.000Z"",4,25,5228,13425,0,209,537,Fear,Fear+Joy,24822993,125031,983,36604,1.27649,false
ObjectId("5d257ef46b361d2564f9585f"),334,""2019-06-18T12:42:21.000Z"",13,25,1859,7644,0,74,306,Joy,Joy+Fear,18469669,54498,306,23206,1.35825,false
ObjectId("5d257ef46b361d2564f95860"),335,""2019-01-31T07:12:27.000Z"",10,25,6671,29149,0,267,1166,Joy,Joy+Fear,2469916026,8543,1711,12508,0.9287,false
ObjectId("5d257ef46b361d2564f95861"),336,""2019-02-05T05:06:49.000Z"",4,25,27979,228020,0,1119,9121,Fear,Fear+Joy,21461359,124536,675,25780,1.33038,true
ObjectId("5d257ef46b361d2564f95862"),337,""2018-07-22T15:24:44.000Z"",6,25,341,1139,0,14,46,Joy,Joy+Surprise,738363248886566913,2995,925,1177,0.87645,false
ObjectId("5d257ef46b361d2564f95863"),338,""2017-12-08T00:20:06.000Z"",4,25,2688,8333,0,108,333,Surprise,Surprise+Joy,879548970082721792,51265,3162,39518,1.04661,false
ObjectId("5d257ef46b361d2564f95864"),339,""2019-06-25T19:46:13.000Z"",0,25,70,134,0,3,5,Fear,Fear+Joy,110213124,26235,6722,111851,0.91535,false
ObjectId("5d257ef46b361d2564f95865"),340,""2019-06-25T20:59:41.000Z"",6,25,51,493,8,2,20,Joy,Joy+Fear,2538018122,3310,965,15276,0.88331,false
ObjectId("5d257ef46b361d2564f95866"),341,""2018-12-29T20:00:47.000Z"",3,25,8254,27677,0,330,1107,Joy,Joy+Fear,83932539,187007,65563,47201,0.90634,false
ObjectId("5d257ef46b361d2564f95867"),342,""2019-05-28T16:30:12.000Z"",9,25,135887,545596,0,5435,21824,Joy,Joy+Fear,233842454,336166,5763,16149,1.16086,true
ObjectId("5d257ef46b361d2564f95868"),343,""2019-04-05T10:42:11.000Z"",8,25,389,3597,0,16,144,Joy,Joy+Surprise,2511701310,11966,1746,22368,0.96127,false
ObjectId("5d257ef46b361d2564f95869"),344,""2018-12-28T13:57:13.000Z"",4,26,10120,18802,0,389,723,Fear,Fear+Sadness,16721452,87197,5816,172000,1.0369,false
ObjectId("5d257ef46b361d2564f9586a"),345,""2018-08-22T06:45:21.000Z"",10,26,47,167,2,2,6,Fear,Fear+Sadness,712744488,1352,858,37861,0.79596,false
ObjectId("5d257ef46b361d2564f9586b"),346,""2018-04-10T22:35:10.000Z"",4,26,865,6287,0,33,242,Fear,Fear+Sadness,965308344406822917,3499,348,4119,1.00035,false
ObjectId("5d257ef46b361d2564f9586c"),347,""2019-02-26T04:51:44.000Z"",4,26,28565,202280,0,1099,7780,Joy,Joy+Fear,11744152,420529,22635,130097,1.05023,true
ObjectId("5d257ef46b361d2564f9586d"),348,""2019-06-23T05:57:41.000Z"",0,26,1947,5938,0,75,228,Fear,Fear+Sadness,30554699,4086,2456,38106,0.82257,false
ObjectId("5d257ef46b361d2564f9586e"),349,""2018-04-02T16:56:12.000Z"",2,26,234628,1710703,0,9024,65796,Surprise,Surprise+Fear,239260354,43815,582,8250,1.23262,false
ObjectId("5d257ef46b361d2564f9586f"),350,""2018-11-30T19:35:02.000Z"",13,26,547,608,2,21,23,Joy,Joy+Fear,2554131522,35489,248,52275,1.33976,false
ObjectId("5d257ef46b361d2564f95870"),351,""2019-02-22T04:54:57.000Z"",4,26,3486,11057,0,134,425,Joy,Joy+Fear,39076082,132590,6531,433025,1.06386,false
ObjectId("5d257ef46b361d2564f95871"),352,""2019-06-25T20:03:59.000Z"",2,26,34941,85517,0,1344,3289,Anger,Anger+Joy,144286635,50773,997,3033,1.17667,true
ObjectId("5d257ef46b361d2564f95872"),353,""2018-05-17T06:50:08.000Z"",9,26,3113,5840,6,120,225,Fear,Fear+Joy,836042147774234624,35255,524,9503,1.22232,false
ObjectId("5d257ef46b361d2564f95873"),354,""2018-01-04T21:13:04.000Z"",7,27,844,2117,0,31,78,Joy,Joy+Sadness,1252520990,12396,7503,89489,0.8396,false
ObjectId("5d257ef46b361d2564f95874"),355,""2019-01-22T14:56:23.000Z"",8,27,563,4782,0,21,177,Joy,Joy+Anger,225796043,9225,1275,22141,0.9657,false
ObjectId("5d257ef46b361d2564f95875"),356,""2019-05-24T10:56:06.000Z"",7,27,10194,22172,0,378,821,Joy,Joy+Sadness,73857275,21969,2544,22508,0.98551,true
ObjectId("5d257ef46b361d2564f95876"),357,""2018-07-14T21:36:12.000Z"",5,28,7273,18478,0,260,660,Joy,Joy+Fear,39076082,132590,6531,433025,1.06386,false
ObjectId("5d257ef46b361d2564f95877"),358,""2019-06-17T00:07:11.000Z"",4,28,13118,36650,0,468,1309,Joy,Joy+Fear,39076082,132590,6531,433025,1.06386,false
ObjectId("5d257ef46b361d2564f95878"),359,""2018-06-16T21:08:06.000Z"",11,28,8914,14046,4,318,502,Fear,Fear+Joy,19422491,62106,9715,118989,0.96103,true
ObjectId("5d257ef46b361d2564f95879"),360,""2018-05-20T17:11:19.000Z"",5,28,20661,41698,0,738,1489,Joy,Joy+Fear,24822993,125031,983,36604,1.27649,false
ObjectId("5d257ef46b361d2564f9587a"),361,""2018-08-21T11:39:14.000Z"",12,28,3906,7128,0,140,255,Fear,Fear+Joy,36667656,31563,3647,11758,0.98622,false
ObjectId("5d257ef46b361d2564f9587b"),362,""2019-06-25T21:08:03.000Z"",9,28,4304,9153,0,154,327,Anger,Anger+Fear,792096589191852033,38232,315,19804,1.30939,false
ObjectId("5d257ef46b361d2564f9587c"),363,""2018-01-13T22:19:12.000Z"",10,29,61295,177043,4,2114,6105,Fear,Fear+Joy,311167475,31038,13981,41801,0.87297,false
ObjectId("5d257ef46b361d2564f9587d"),364,""2018-03-15T22:02:37.000Z"",4,29,3227,4877,3,111,168,Joy,Joy+Fear,2775866878,21667,4245,36224,0.93687,false
ObjectId("5d257ef46b361d2564f9587e"),365,""2017-12-10T01:22:28.000Z"",5,29,2818,4979,0,97,172,Fear,Fear+Disgust,879548970082721792,51265,3162,39518,1.04661,false
ObjectId("5d257ef46b361d2564f9587f"),366,""2018-03-23T23:53:52.000Z"",4,29,181,920,0,6,32,Surprise,Surprise+Anger,2476178880,16218,8174,247992,0.857,false
ObjectId("5d257ef46b361d2564f95880"),367,""2018-08-15T18:10:38.000Z"",1,30,163,1483,0,5,49,Joy,Joy+Fear,923893094810079232,8407,2661,7910,0.88689,false
ObjectId("5d257ef46b361d2564f95881"),368,""2018-12-13T15:44:14.000Z"",4,30,67225,382048,0,2241,12735,Fear,Fear+Joy,193958168,18122,1442,20137,1.02379,true
ObjectId("5d257ef46b361d2564f95882"),369,""2018-12-29T09:19:42.000Z"",4,30,15182,31217,10,506,1041,Joy,Joy+Fear,947635931590287361,21757,3181,13157,0.96334,false
ObjectId("5d257ef46b361d2564f95883"),370,""2018-01-17T06:49:11.000Z"",4,30,4910,10151,0,164,338,Surprise,Surprise+Fear,594886554,116778,2030,87638,1.17635,false
ObjectId("5d257ef46b361d2564f95884"),371,""2019-06-16T16:09:16.000Z"",5,31,10199,23613,0,329,762,Joy,Joy+Surprise,1102925786829357056,15215,504,6291,1.12935,false
ObjectId("5d257ef46b361d2564f95885"),372,""2018-12-15T03:45:41.000Z"",8,31,1034,2345,3,33,76,Joy,Joy+Fear,77802639,20151,4784,52345,0.91975,true
ObjectId("5d257ef46b361d2564f95886"),373,""2017-12-30T22:10:44.000Z"",7,32,1979,3153,4,62,99,Joy,Joy+Fear,2307195656,63802,45077,111967,0.84982,false
ObjectId("5d257ef46b361d2564f95887"),374,""2018-12-29T00:39:01.000Z"",7,32,326,559,0,10,17,Joy,Joy+Anger,2502895924,62976,39255,283912,0.85793,false
ObjectId("5d257ef46b361d2564f95888"),375,""2019-06-23T19:23:07.000Z"",7,33,4114,5935,0,125,180,Joy,Joy+Surprise,20919626,59435,2214,132326,1.09865,true
ObjectId("5d257ef46b361d2564f95889"),376,""2019-04-27T00:11:47.000Z"",7,33,4101,7948,0,124,241,Joy,Joy+Fear,792096589191852033,38232,315,19804,1.30939,false
ObjectId("5d257ef46b361d2564f9588a"),377,""2018-07-31T21:07:45.000Z"",9,33,5383,19725,0,163,598,Joy,Joy+Surprise,54861430,72425,1996,196391,1.13011,false
ObjectId("5d257ef46b361d2564f9588b"),378,""2019-03-26T11:53:08.000Z"",8,33,105,282,0,3,9,Fear,Fear+Sadness,185631499,6752,652,28805,1.00382,false
ObjectId("5d257ef46b361d2564f9588c"),379,""2018-08-17T00:36:23.000Z"",4,33,10305,21497,9,312,651,Joy,Joy+Fear,789969215650422784,17568,408,40809,1.17527,false
ObjectId("5d257ef46b361d2564f9588d"),380,""2018-07-29T18:05:33.000Z"",10,34,22854,114398,1,672,3365,Anger,Anger+Joy,15268600,24991,3486,40110,0.96816,true
ObjectId("5d257ef46b361d2564f9588e"),381,""2018-08-09T22:20:04.000Z"",7,34,10252,32246,2,302,948,Joy,Joy+Anger,20947763,6549,4870,43209,0.81411,false
ObjectId("5d257ef46b361d2564f9588f"),382,""2018-08-13T02:11:24.000Z"",0,36,1661,6868,0,46,191,Joy,Joy+Fear,2602262088,29176,2154,8143,1.03037,false
ObjectId("5d257ef46b361d2564f95890"),383,""2018-08-30T13:44:13.000Z"",8,36,375,5315,3,10,148,Fear,Fear+Disgust,538588227,2045,852,12208,0.84227,false
ObjectId("5d257ef46b361d2564f95891"),384,""2019-04-18T17:08:51.000Z"",11,36,91718,324143,0,2548,9004,Sadness,Sadness+Joy,325385270,175462,3673,27111,1.14875,true
ObjectId("5d257ef46b361d2564f95892"),385,""2018-08-29T05:34:09.000Z"",5,38,14899,26196,2,392,689,Surprise,Surprise+Fear,9427572,133721,14352,41090,0.99404,false
ObjectId("5d257ef46b361d2564f95893"),386,""2019-05-25T16:52:09.000Z"",7,39,2795,7174,1,72,184,Fear,Fear+Joy,814530975350792192,30502,6228,101027,0.93533,false
ObjectId("5d257ef46b361d2564f95894"),387,""2019-02-12T14:33:48.000Z"",6,39,214,1581,0,5,41,Surprise,Surprise+Fear,14849266,40252,3384,29000,1.01661,false
ObjectId("5d257ef46b361d2564f95895"),388,""2019-02-21T02:59:05.000Z"",4,39,5784,21090,0,148,541,Sadness,Sadness+Surprise,72290565,41618,3384,42542,1.01981,false
ObjectId("5d257ef46b361d2564f95896"),389,""2018-05-31T08:48:31.000Z"",4,40,70517,312186,0,1763,7805,Joy,Joy+Surprise,745273,646121,672,19708,1.51784,false
ObjectId("5d257ef46b361d2564f95897"),390,""2018-03-20T16:37:37.000Z"",4,41,53838,137137,0,1313,3345,Fear,Fear+Sadness,16637487,38577,782,13441,1.17787,false
ObjectId("5d257ef46b361d2564f95898"),391,""2018-03-23T18:35:48.000Z"",11,45,31870,81387,0,708,1809,Fear,Fear+Surprise,3223426134,677357,37,53238,2.2602,true
