_id,hilo,topico,total_tweets,total_retweets,total_favoritos,promedio_rt,promedio_fv,total_hashtags,emocion_hilo_1,tupla_emocion_hilo,user_total_followers,user_puntaje_sigmo,user_verificado,log_prt,log_pfv,log_total_retweets,log_total_favoritos,rnd_user_puntaje_sigmo,log_user_total_followers
ObjectId("5d34a6786b361d34247c0d39"),11,4,4,11274,48727,2818,12182,0,Joy,Joy+Surprise,1416356,1.29349,true,3.4500950758716025,4.085754244209699,4.052116550549998,4.687778586493365,1.3,6.151172733289267
ObjectId("5d34a6786b361d34247c0d3a"),22,10,5,68,145,14,29,1,Joy,Joy+Fear,19439,0.87818,false,1.1760912590556813,1.4771212547196624,1.8388490907372552,2.164352855784437,0.9,4.288696260590256
ObjectId("5d34a6786b361d34247c0d3b"),384,11,36,91718,324143,2548,9004,0,Sadness,Sadness+Joy,175462,1.14875,true,3.4063698354692673,3.954483717155552,4.962459311029015,5.510737987095769,1.1,5.24418555048879
ObjectId("5d34a6786b361d34247c0d3c"),236,4,16,2023,6024,126,376,0,Disgust,Disgust+Fear,12396,0.8396,false,2.103803720955957,2.576341350205793,3.3062105081677613,3.779957051246906,0.8,4.093316601204331
ObjectId("5d34a6786b361d34247c0d3d"),253,4,17,7330,16140,431,949,0,Surprise,Surprise+Anger,132590,1.06386,false,2.635483746814912,2.9777236052888476,3.865163219506086,4.207930437512971,1.1,5.122514046067324
ObjectId("5d34a6786b361d34247c0d3e"),8,7,4,75458,295627,18864,73907,0,Joy,Joy+Fear,2777455,1.82529,true,4.275656809537014,4.868691450137879,4.877711045532886,5.470745565276254,1.8,6.4436471876458254
ObjectId("5d34a6786b361d34247c0d3f"),43,4,6,1070,1962,178,327,2,Surprise,Surprise+Joy,10663,0.88049,false,2.2528530309798933,2.515873843711679,3.029789470831856,3.292920299600006,0.9,4.027920136405803
ObjectId("5d34a6786b361d34247c0d40"),2,4,3,30,49,10,16,0,Fear,Fear+Joy,35543,1.26804,false,1.0413926851582251,1.2304489213782739,1.4913616938342726,1.6989700043360187,1.3,4.550766300232815
ObjectId("5d34a6786b361d34247c0d41"),243,9,16,8018,26995,501,1687,0,Joy,Joy+Fear,25751,1.10977,true,2.7007037171450192,3.2273724422896364,3.9041202134761996,4.431299419469352,1.1,4.410810963677557
ObjectId("5d34a6786b361d34247c0d42"),188,0,13,923,1789,71,138,3,Fear,Fear+Joy,15113,0.83639,false,1.8573324964312685,2.143014800254095,2.9656719712201065,3.2528530309798933,0.8,4.179379417881757
ObjectId("5d34a6786b361d34247c0d43"),333,4,25,5228,13425,209,537,0,Fear,Fear+Joy,125031,1.27649,false,2.322219294733919,2.7307822756663893,3.7184186418296554,4.127946642848902,1.3,5.09702117816689
ObjectId("5d34a6786b361d34247c0d44"),56,0,7,1829,2988,261,427,1,Joy,Joy+Fear,57034,1.11892,true,2.4183012913197452,2.6314437690131722,3.2624510897304293,3.4755259150392805,1.1,4.7561414458832845
ObjectId("5d34a6786b361d34247c0d45"),374,7,32,326,559,10,17,0,Joy,Joy+Anger,62976,0.85793,false,1.0413926851582251,1.255272505103306,2.514547752660286,2.7481880270062002,0.9,4.799181968550801
ObjectId("5d34a6786b361d34247c0d46"),184,6,13,18573,99411,1429,7647,0,Fear,Fear+Joy,84490,0.83775,false,3.155336037465062,3.883547879268044,4.268905441212015,4.997438811150117,0.8,4.926810450269161
ObjectId("5d34a6786b361d34247c0d47"),84,4,8,95,107,12,13,23,Joy,Joy+Fear,11222,0.93076,false,1.1139433523068367,1.146128035678238,1.9822712330395684,2.03342375548695,0.9,4.050108962917868
ObjectId("5d34a6786b361d34247c0d48"),29,4,5,172,1136,34,227,0,Joy,Joy+Fear,74840,1.14589,true,1.5440680443502757,2.357934847000454,2.2380461031287955,3.0557604646877348,1.1,4.874139581761971
ObjectId("5d34a6786b361d34247c0d49"),299,1,21,98,1400,5,67,1,Joy,Joy+Fear,635,0.71737,false,0.7781512503836436,1.8325089127062364,1.99563519459755,3.1464381352857744,0.7,2.803457115648414
ObjectId("5d34a6786b361d34247c0d4a"),347,4,26,28565,202280,1099,7780,0,Joy,Joy+Fear,420529,1.05023,true,3.041392685158225,3.8910354153153106,4.455849431858154,5.305955091951848,1.1,5.623796983177253
ObjectId("5d34a6786b361d34247c0d4b"),51,10,6,6389,24306,1065,4051,0,Joy,Joy+Fear,17888,1.03345,true,3.0277572046905536,3.607669436688243,3.8055008581584002,4.3857313609887845,1,4.252586064065402
ObjectId("5d34a6786b361d34247c0d4c"),386,7,39,2795,7174,72,184,1,Fear,Fear+Joy,30502,0.93533,false,1.863322860120456,2.2671717284030137,3.446537167073644,3.85582190540603,0.9,4.484342554736087
ObjectId("5d34a6786b361d34247c0d4d"),96,10,9,8400,28517,933,3169,0,Joy,Joy+Fear,2100,0.8596,false,2.9703468762300935,3.5010592622177517,3.9243309847086785,4.455119064678402,0.9,3.3224260524059526
ObjectId("5d34a6786b361d34247c0d4e"),91,13,8,186,766,23,96,0,Fear,Fear+Surprise,138231,1.25497,true,1.380211241711606,1.9867717342662448,2.271841606536499,2.884795363948981,1.3,5.140608591625051
ObjectId("5d34a6786b361d34247c0d4f"),80,0,8,226,1559,28,195,1,Joy,Joy+Fear,23229,1.25513,false,1.462397997898956,2.292256071356476,2.3560258571931225,3.1931245983544616,1.3,4.366049209800235
ObjectId("5d34a6786b361d34247c0d50"),304,4,22,711,1094,32,50,7,Joy,Joy+Fear,179735,0.96353,false,1.5185139398778875,1.7075701760979363,2.8524799936368566,3.0394141191761372,1,5.2546350722981074
ObjectId("5d34a6786b361d34247c0d51"),208,2,14,1315,1880,94,134,0,Fear,Fear+Disgust,9616,1.05243,false,1.9777236052888478,2.130333768495006,3.1192558892779365,3.274388795550379,1.1,3.983039616046102
ObjectId("5d34a6786b361d34247c0d52"),326,11,24,10500,35217,438,1467,0,Joy,Joy+Fear,677357,2.2602,true,2.6424645202421213,3.166726055580052,4.021230658479703,4.546764689120566,2.3,5.830818264446593
ObjectId("5d34a6786b361d34247c0d53"),203,5,14,243,188,17,13,1,Sadness,Sadness+Joy,67033,0.84908,false,1.255272505103306,1.146128035678238,2.387389826338729,2.2764618041732443,0.8,4.82629513504488
ObjectId("5d34a6786b361d34247c0d54"),322,4,23,10595,25349,461,1102,0,Disgust,Disgust+Fear,58433,1.36473,false,2.6646419755561257,3.0425755124401905,4.025141949625193,4.403977963669354,1.4,4.76666561621731
ObjectId("5d34a6786b361d34247c0d55"),274,2,19,7163,37452,377,1971,0,Joy,Joy+Anger,8174,0.88615,true,2.5774917998372255,3.2949069106051923,3.855155577176994,4.57348661058725,0.9,3.912487761332324
ObjectId("5d34a6786b361d34247c0d56"),192,4,13,8058,23609,620,1816,0,Disgust,Disgust+Joy,6666,1.15841,false,2.79309160017658,3.2593549273080344,3.906281155772153,4.373095987078727,1.2,3.8239304551255637
ObjectId("5d34a6786b361d34247c0d57"),278,4,19,45107,155746,2374,8197,1,Joy,Joy+Fear,273108,1.58064,true,3.3756636139608855,3.913707913980483,4.654253571761437,5.192419690027877,1.6,5.436336012061864
ObjectId("5d34a6786b361d34247c0d58"),307,0,22,284,1192,13,54,0,Fear,Fear+Joy,2013,0.88429,false,1.146128035678238,1.7403626894942439,2.45484486000851,3.076640443670342,0.9,3.3040594662175993
ObjectId("5d34a6786b361d34247c0d59"),162,12,11,213,396,19,36,0,Fear,Fear+Joy,5261,0.79471,false,1.3010299956639813,1.568201724066995,2.330413773349191,2.598790506763115,0.8,3.721150843749684
ObjectId("5d34a6786b361d34247c0d5a"),352,2,26,34941,85517,1344,3289,0,Anger,Anger+Joy,50773,1.17667,true,3.128722284338427,3.5171958979499744,4.543347759379176,4.932057535522511,1.2,4.705641378679333
ObjectId("5d34a6786b361d34247c0d5b"),85,13,8,27356,51331,3420,6416,0,Joy,Joy+Fear,23732,1.13901,true,3.5341530741850624,3.8073320392911905,4.437068470428161,4.710388185594146,1.1,4.3753526392327595
ObjectId("5d34a6786b361d34247c0d5c"),68,4,7,3785,9100,541,1300,0,Joy,Joy+Surprise,2799,0.83236,true,2.733999286538387,3.1142772965615864,3.5781806096277777,3.959089114367392,0.8,3.4471580313422194
ObjectId("5d34a6786b361d34247c0d5d"),259,4,17,733,1443,43,85,5,Joy,Joy+Fear,3732,0.94278,false,1.6434526764861874,1.9344984512435677,2.8656960599160706,3.1595671932336202,0.9,3.5720579899263045
ObjectId("5d34a6786b361d34247c0d5e"),87,4,8,93,322,12,40,2,Joy,Joy+Fear,7294,1.32102,false,1.1139433523068367,1.6127838567197355,1.9731278535996986,2.509202522331103,1.3,3.86302529622947
ObjectId("5d34a6786b361d34247c0d5f"),50,9,6,7691,37755,1282,6292,0,Anger,Anger+Sadness,193419,1.31921,false,3.1082266563749283,3.7988577317474856,3.8860392755664424,4.576985977417725,1.3,5.286501378953569
ObjectId("5d34a6786b361d34247c0d60"),39,4,6,167,1358,28,226,0,Joy,Joy+Fear,23229,1.25513,false,1.462397997898956,2.3560258571931225,2.225309281725863,3.1332194567324945,1.3,4.366049209800235
ObjectId("5d34a6786b361d34247c0d61"),248,6,16,883,2462,55,154,1,Fear,Fear+Anger,12670,0.92586,false,1.7481880270062005,2.1903316981702914,2.946452265013073,3.3914644118391033,0.9,4.102810890916915
ObjectId("5d34a6786b361d34247c0d62"),33,4,5,1492,2263,298,453,0,Joy,Joy+Fear,47786,1.33141,false,2.4756711883244296,2.6570558528571038,3.1740598077250253,3.354876422516234,1.3,4.679309766985715
ObjectId("5d34a6786b361d34247c0d63"),300,13,21,23422,59143,1115,2816,0,Fear,Fear+Sadness,150327,1.37184,true,3.04766419460156,3.4497868469857735,4.369642518405259,4.771910693189461,1.4,5.177039879541952
ObjectId("5d34a6786b361d34247c0d64"),69,4,7,734,969,105,138,7,Joy,Joy+Fear,54386,0.82739,false,2.0253058652647704,2.143014800254095,2.8662873390841948,2.9867717342662448,0.8,4.735495103687781
ObjectId("5d34a6786b361d34247c0d65"),131,7,10,38,63,4,6,0,Joy,Joy+Fear,9904,0.93162,false,0.6989700043360189,0.8450980400142568,1.591064607026499,1.806179973983887,0.9,3.995854479874566
ObjectId("5d34a6786b361d34247c0d66"),190,4,13,570,1992,44,153,0,Anger,Anger+Joy,12189,1.26286,false,1.6532125137753437,2.187520720836463,2.756636108245848,3.2995072987004876,1.3,4.086003705618382
ObjectId("5d34a6786b361d34247c0d67"),125,4,10,8553,28806,855,2881,0,Joy,Joy+Sadness,91238,1.18532,true,2.932473764677153,3.4596939764779706,3.932169245920792,4.459498032619692,1.2,4.960180516665309
ObjectId("5d34a6786b361d34247c0d68"),293,7,21,853,946,41,45,0,Fear,Fear+Joy,10849,0.79512,false,1.6232492903979006,1.662757831681574,2.931457870689005,2.9763499790032735,0.8,4.035429738184549
ObjectId("5d34a6786b361d34247c0d69"),196,3,13,28140,71708,2165,5516,0,Joy,Joy+Fear,15054,0.88843,false,3.3356584522893016,3.74170298395774,4.449339526174968,4.855573666198412,0.9,4.177680759848778
ObjectId("5d34a6786b361d34247c0d6a"),238,1,16,75,313,5,20,0,Joy,Joy+Fear,2610,0.8092,false,0.7781512503836436,1.3222192947339193,1.8808135922807914,2.496929648073215,0.8,3.4168068718229443
ObjectId("5d34a6786b361d34247c0d6b"),231,13,15,10409,23344,694,1556,0,Joy,Joy+Surprise,82796,1.26839,true,2.8419848045901137,3.1922886125681202,4.017450729510536,4.368193878266824,1.3,4.918014601192498
ObjectId("5d34a6786b361d34247c0d6c"),62,4,7,37130,163927,5304,23418,0,Joy,Joy+Fear,3098,0.92406,false,3.7246853882373596,4.369568346596548,4.569736645661217,5.214653140311857,0.9,3.491221576239283
ObjectId("5d34a6786b361d34247c0d6d"),258,4,17,17632,50121,1037,2948,0,Surprise,Surprise+Joy,677357,2.2602,true,3.016197353512439,3.469674772551798,4.24632620751237,4.700028392163175,2.3,5.830818264446593
ObjectId("5d34a6786b361d34247c0d6e"),241,6,16,501,922,31,58,0,Joy,Joy+Anger,13744,0.80408,false,1.505149978319906,1.7708520116421442,2.7007037171450192,2.965201701025912,0.8,4.138144744179487
ObjectId("5d34a6786b361d34247c0d6f"),327,4,24,5187,55568,216,2315,0,Fear,Fear+Joy,19509,1.00926,true,2.3364597338485296,3.3647385550553985,3.7149999674120426,4.744832581446355,1,4.290257269394518
ObjectId("5d34a6786b361d34247c0d70"),254,3,17,1616,8405,95,494,0,Joy,Joy+Sadness,51108,1.04398,true,1.9822712330395684,2.694605198933569,3.208710019906401,3.9245893856694183,1,4.708497383621435
ObjectId("5d34a6786b361d34247c0d71"),81,4,8,550,4229,69,529,1,Joy,Joy+Fear,348964,1.38967,true,1.845098040014257,2.724275869600789,2.741151598851785,3.6263403673750423,1.4,5.54278187088723
ObjectId("5d34a6786b361d34247c0d72"),242,10,16,3201,3352,200,210,0,Joy,Joy+Fear,44509,2.2771,false,2.303196057420489,2.3242824552976926,3.505421327583281,3.52543355342882,2.3,4.648457594282522
ObjectId("5d34a6786b361d34247c0d73"),14,3,4,10115,15287,2529,3822,0,Surprise,Surprise+Sadness,299289,1.22337,true,3.403120521175818,3.582404298019028,4.0050088206723675,4.184350674046956,1.2,5.476092206257591
ObjectId("5d34a6786b361d34247c0d74"),225,4,15,275,2152,18,143,0,Joy,Joy+Fear,21952,0.96558,true,1.2787536009528289,2.1583624920952498,2.4409090820652177,3.3330440298234874,1,4.341493877399029
ObjectId("5d34a6786b361d34247c0d75"),31,2,5,16213,50084,3243,10017,0,Surprise,Surprise+Sadness,18143,0.98545,true,3.5110808455391185,4.000781027353495,4.209890168681258,4.699707678110052,1,4.258733037212813
ObjectId("5d34a6786b361d34247c0d76"),296,4,21,1212,5223,58,249,1,Joy,Joy+Fear,121129,1.37359,false,1.7708520116421442,2.3979400086720375,3.083860800866573,3.7180031682670176,1.4,5.083251717221604
ObjectId("5d34a6786b361d34247c0d77"),48,7,6,1151,3750,192,625,0,Fear,Fear+Joy,58433,1.36473,false,2.285557309007774,2.7965743332104296,3.061452479087193,3.574147064150723,1.4,4.76666561621731
ObjectId("5d34a6786b361d34247c0d78"),110,4,9,323,2342,36,260,0,Joy,Joy+Disgust,13471,1.11876,true,1.568201724066995,2.416640507338281,2.510545010206612,3.369772288596963,1.1,4.129432074155575
ObjectId("5d34a6786b361d34247c0d79"),108,3,9,155,461,17,51,0,Joy,Joy+Fear,48624,1.10243,true,1.255272505103306,1.7160033436347992,2.1931245983544616,2.6646419755561257,1.1,4.686859614333764
ObjectId("5d34a6786b361d34247c0d7a"),361,12,28,3906,7128,140,255,0,Fear,Fear+Joy,31563,0.98622,false,2.1492191126553797,2.4082399653118496,3.5918434112247843,3.8530286147129895,1,4.499192034710057
ObjectId("5d34a6786b361d34247c0d7b"),226,11,15,12218,33782,815,2252,0,Fear,Fear+Anger,677357,2.2602,true,2.9116901587538613,3.3527611917238307,4.0870356648056605,4.528698213192202,2.3,5.830818264446593
ObjectId("5d34a6786b361d34247c0d7c"),345,10,26,47,167,2,6,2,Fear,Fear+Sadness,1352,0.79596,false,0.47712125471966244,0.8450980400142568,1.6812412373755872,2.225309281725863,0.8,3.131297796597623
ObjectId("5d34a6786b361d34247c0d7d"),143,4,11,376,1694,34,154,0,Joy,Joy+Fear,12288,0.81669,false,1.5440680443502757,2.1903316981702914,2.576341350205793,3.229169702539101,0.8,4.0895165442248205
ObjectId("5d34a6786b361d34247c0d7e"),209,9,14,4709,14903,336,1064,0,Fear,Fear+Surprise,78135,1.63095,false,2.5276299008713385,3.0273496077747564,3.673020907128896,4.173302841888186,1.6,4.892851174710722
ObjectId("5d34a6786b361d34247c0d7f"),20,4,5,11,17,2,3,4,Fear,Fear+Surprise,1510,0.75726,false,0.47712125471966244,0.6020599913279624,1.0791812460476249,1.255272505103306,0.8,3.1792644643390253
ObjectId("5d34a6786b361d34247c0d80"),99,2,9,4353,15543,484,1727,0,Fear,Fear+Anger,30881,0.94348,false,2.6857417386022635,3.2375437381428744,3.6388884247050757,4.191562787591726,0.9,4.489705418633813
ObjectId("5d34a6786b361d34247c0d81"),17,5,4,6374,11546,1594,2886,0,Joy,Joy+Surprise,59109,1.18174,true,3.2027606873931997,3.4604467838807205,3.804480189105993,4.062469165814253,1.2,4.771660959348887
ObjectId("5d34a6786b361d34247c0d82"),137,9,10,55335,257152,5534,25715,0,Sadness,Sadness+Surprise,336166,1.16086,true,3.7431176252147416,4.410203417089454,4.743007762670625,5.41019159525577,1.2,5.526555078463001
ObjectId("5d34a6786b361d34247c0d83"),55,5,7,1461,2944,209,421,0,Joy,Joy+Fear,51265,1.04661,false,2.322219294733919,2.625312450961674,3.1649473726218416,3.4690852991231202,1,4.709829433186508
ObjectId("5d34a6786b361d34247c0d84"),164,8,12,70900,221823,5908,18485,0,Disgust,Disgust+Fear,767,0.86025,false,3.7715139899796664,4.266842948700584,4.850652360590954,5.346008532361785,0.9,2.885361220031512
ObjectId("5d34a6786b361d34247c0d85"),283,3,20,8583,23016,429,1151,0,Joy,Joy+Surprise,14681,1.37003,false,2.6334684555795866,3.061452479087193,3.933689708957895,4.362048717714715,1.4,4.1667852197354325
ObjectId("5d34a6786b361d34247c0d86"),75,12,8,3,41,0,5,0,Fear,Fear+Joy,3063,0.84085,false,0,0.7781512503836436,0.6020599913279624,1.6232492903979006,0.8,3.486288760960566
ObjectId("5d34a6786b361d34247c0d87"),357,5,28,7273,18478,260,660,0,Joy,Joy+Fear,132590,1.06386,false,2.416640507338281,2.82020145948564,3.861773296718693,4.266678465464569,1.1,5.122514046067324
ObjectId("5d34a6786b361d34247c0d88"),356,7,27,10194,22172,378,821,0,Joy,Joy+Sadness,21969,0.98551,true,2.578639209968072,2.9148718175400505,4.008387230114159,4.345824456998199,1,4.34183005692051
ObjectId("5d34a6786b361d34247c0d89"),219,4,15,7565,17532,504,1169,0,Joy,Joy+Sadness,458000,1.31484,true,2.7032913781186614,3.0681858617461617,3.878866336956725,4.243856232806506,1.3,5.660866426244061
ObjectId("5d34a6786b361d34247c0d8a"),318,7,23,15871,26542,690,1154,2,Fear,Fear+Disgust,83575,1.22646,false,2.8394780473741985,3.062581984228163,4.2006316548101035,4.423950007067011,1.2,4.9220815816975545
ObjectId("5d34a6786b361d34247c0d8b"),136,4,10,175,861,18,86,0,Joy,Joy+Fear,63171,1.25113,false,1.2787536009528289,1.9395192526186185,2.24551266781415,2.9355072658247128,1.3,4.800524626699878
ObjectId("5d34a6786b361d34247c0d8c"),262,7,17,339,1543,20,91,0,Joy,Joy+Surprise,7426,1.0492,false,1.3222192947339193,1.9637878273455553,2.531478917042255,3.188647295999717,1,3.8708134239155974
ObjectId("5d34a6786b361d34247c0d8d"),282,3,19,61238,527964,3223,27788,0,Joy,Joy+Fear,132430,1.49696,true,3.508395033133053,4.44387291877104,4.787028090288343,5.722605133119632,1.5,5.121989658465187
ObjectId("5d34a6786b361d34247c0d8e"),169,0,12,213,2087,18,174,1,Joy,Joy+Fear,23229,1.25513,false,1.2787536009528289,2.2430380486862944,2.330413773349191,3.3197304943302246,1.3,4.366049209800235
ObjectId("5d34a6786b361d34247c0d8f"),105,11,9,20216,70559,2246,7840,0,Sadness,Sadness+Anger,132563,1.08614,true,3.351603072419129,3.8943714538562375,4.305716711091365,4.848558572123763,1.1,5.122425600056109
ObjectId("5d34a6786b361d34247c0d90"),174,4,12,86,318,7,26,0,Sadness,Sadness+Joy,21667,0.93687,false,0.9030899869919435,1.4313637641589874,1.9395192526186185,2.503790683057181,0.9,4.335818826915165
ObjectId("5d34a6786b361d34247c0d91"),37,4,6,5529,15235,922,2539,0,Joy,Joy+Anger,30881,0.94348,false,2.965201701025912,3.404833716619938,3.7427251313046983,4.182870963988909,0.9,4.489705418633813
ObjectId("5d34a6786b361d34247c0d92"),95,7,9,5461,9419,607,1047,0,Anger,Anger+Joy,31300,0.91125,false,2.783903579272735,3.0203612826477078,3.7373516958037145,3.9740509027928774,0.9,4.495558212547868
ObjectId("5d34a6786b361d34247c0d93"),74,4,8,1011,3028,126,378,0,Joy,Joy+Fear,3296,0.84238,false,2.103803720955957,2.578639209968072,3.0051805125037805,3.481299273332856,0.8,3.518118947143153
ObjectId("5d34a6786b361d34247c0d94"),287,4,20,2041,8990,102,450,0,Joy,Joy+Fear,7113,1.18423,false,2.012837224705172,2.6541765418779604,3.3100557377508912,3.953807997665307,1.2,3.8521138608497614
ObjectId("5d34a6786b361d34247c0d95"),148,4,11,1656,16304,151,1482,0,Joy,Joy+Fear,223142,1.16778,true,2.1818435879447726,3.1711411510283822,3.219322508419337,4.212320803141976,1.2,5.3485832675643765
ObjectId("5d34a6786b361d34247c0d96"),61,7,7,8643,24133,1235,3448,0,Joy,Joy+Anger,18433,1.00639,true,3.092018470752797,3.5376931943673906,3.936714758211204,4.3826293083969174,1,4.265619583153884
ObjectId("5d34a6786b361d34247c0d97"),305,4,22,4191,21954,190,998,0,Joy,Joy+Fear,25448,1.08227,false,2.2810333672477277,2.9995654882259823,3.6224212739756703,4.341533441440407,1.1,4.405670721721326
ObjectId("5d34a6786b361d34247c0d98"),244,10,16,13855,106323,866,6645,1,Joy,Joy+Surprise,14659372,1.87456,true,2.9380190974762104,3.822560336942692,4.141637874673272,5.026631306772619,1.9,7.166115395375816
ObjectId("5d34a6786b361d34247c0d99"),199,12,14,152,331,11,24,1,Fear,Fear+Joy,2367,0.7956,false,1.0791812460476249,1.3979400086720377,2.184691430817599,2.5211380837040362,0.8,3.374381698050882
ObjectId("5d34a6786b361d34247c0d9a"),312,5,22,16415,37115,746,1687,0,Fear,Fear+Disgust,74485,1.22784,true,2.873320601815399,3.2273724422896364,4.215267343431722,4.5695611660508035,1.2,4.872074652693193
ObjectId("5d34a6786b361d34247c0d9b"),249,3,16,90,745,6,47,1,Anger,Anger+Joy,1654,0.77657,false,0.8450980400142568,1.6812412373755872,1.9590413923210936,2.8727388274726686,0.8,3.2187979981117376
ObjectId("5d34a6786b361d34247c0d9c"),369,4,30,15182,31217,506,1041,10,Joy,Joy+Fear,21757,0.96334,false,2.705007959333336,3.0178677189635055,4.1813575920284505,4.49440507627968,1,4.337618972419386
ObjectId("5d34a6786b361d34247c0d9d"),45,9,6,594,912,99,152,0,Fear,Fear+Joy,47786,1.33141,false,2,2.184691430817599,2.7745169657285498,2.960470777534299,1.3,4.679309766985715
ObjectId("5d34a6786b361d34247c0d9e"),13,5,4,1603,1028,401,257,2,Joy,Joy+Surprise,18292,0.81307,false,2.60422605308447,2.41161970596323,3.2052043639481447,3.012415374762433,0.8,4.262284934377744
ObjectId("5d34a6786b361d34247c0d9f"),265,0,18,334,2380,19,132,1,Joy,Joy+Fear,23229,1.25513,false,1.3010299956639813,2.123851640967086,2.525044807036845,3.37675939540488,1.3,4.366049209800235
ObjectId("5d34a6786b361d34247c0da0"),167,2,12,22646,63493,1887,5291,1,Joy,Joy+Fear,10262,0.9812,false,3.27600198996205,3.7236198355154633,4.355010680091146,4.802732687654082,1,4.011274328904725
ObjectId("5d34a6786b361d34247c0da1"),245,9,16,3577,11834,224,740,0,Fear,Fear+Surprise,203698,1.32496,true,2.3521825181113627,2.869818207979328,3.553640336231354,4.073168262265102,1.3,5.308988896965074
ObjectId("5d34a6786b361d34247c0da2"),237,7,16,802,4085,50,255,1,Fear,Fear+Joy,21952,0.96558,true,1.7075701760979363,2.4082399653118496,2.904715545278681,3.611298362296429,1,4.341493877399029
ObjectId("5d34a6786b361d34247c0da3"),288,8,20,1869,7475,93,374,0,Fear,Fear+Joy,16260,0.89688,false,1.9731278535996986,2.574031267727719,3.271841606536499,3.8736692927067944,0.9,4.211147249814492
ObjectId("5d34a6786b361d34247c0da4"),38,4,6,333,403,56,67,5,Joy,Joy+Anger,8234,0.7903,false,1.7558748556724915,1.8325089127062364,2.5237464668115646,2.606381365110605,0.8,3.9156636035057732
ObjectId("5d34a6786b361d34247c0da5"),194,9,13,6322,15054,486,1158,1,Fear,Fear+Sadness,18540,1.42688,false,2.6875289612146345,3.064083435963596,3.8009231818132183,4.177680759848778,1.4,4.268133153906103
ObjectId("5d34a6786b361d34247c0da6"),88,7,8,90,152,11,19,0,Joy,Joy+Fear,77599,0.83005,false,1.0791812460476249,1.3010299956639813,1.9590413923210936,2.184691430817599,0.8,4.889861721258188
ObjectId("5d34a6786b361d34247c0da7"),371,5,31,10199,23613,329,762,0,Joy,Joy+Surprise,15215,1.12935,false,2.5185139398778875,2.8825245379548803,4.008600171761918,4.373169558903721,1.1,4.182300499593339
ObjectId("5d34a6786b361d34247c0da8"),247,10,16,3011,4546,188,284,0,Sadness,Sadness+Joy,51265,1.04661,false,2.2764618041732443,2.45484486000851,3.478854967528663,3.6577249542051082,1,4.709829433186508
ObjectId("5d34a6786b361d34247c0da9"),279,4,19,1177,4990,62,263,0,Joy,Joy+Fear,17488,0.9767,false,1.7993405494535817,2.4216039268698313,3.0711452904510828,3.698187569866122,1,4.242764977752096
ObjectId("5d34a6786b361d34247c0daa"),25,1,5,504,536,101,107,3,Fear,Fear+Joy,10365,0.84063,true,2.0086001717619175,2.03342375548695,2.7032913781186614,2.7299742856995555,0.8,4.015611204503513
ObjectId("5d34a6786b361d34247c0dab"),183,4,13,12786,37918,984,2917,0,Joy,Joy+Fear,355178,1.35629,true,2.9934362304976116,3.4650852875574327,4.106768665176806,4.57885687560146,1.4,5.5504472801534925
ObjectId("5d34a6786b361d34247c0dac"),338,4,25,2688,8333,108,333,0,Surprise,Surprise+Joy,51265,1.04661,false,2.037426497940624,2.5237464668115646,3.4295908022233017,3.9208534961212593,1,4.709829433186508
ObjectId("5d34a6786b361d34247c0dad"),195,4,13,2939,10438,226,803,0,Fear,Fear+Joy,6679,0.83638,true,2.3560258571931225,2.905256048748451,3.4683473304121573,4.018658897585517,0.8,3.824776462475546
ObjectId("5d34a6786b361d34247c0dae"),358,4,28,13118,36650,468,1309,0,Joy,Joy+Fear,132590,1.06386,false,2.6711728427150834,3.1172712956557644,4.11790073206452,4.564085828596713,1.1,5.122514046067324
ObjectId("5d34a6786b361d34247c0daf"),368,4,30,67225,382048,2241,12735,0,Fear,Fear+Joy,18122,1.02379,true,3.3506356082589543,4.105033050393594,4.827537271159405,5.582119067270048,1,4.258230090449129
ObjectId("5d34a6786b361d34247c0db0"),206,13,14,340,554,24,40,2,Fear,Fear+Anger,35489,1.33976,false,1.3979400086720377,1.6127838567197355,2.5327543789924976,2.7442929831226763,1.3,4.5501059993475925
ObjectId("5d34a6786b361d34247c0db1"),212,6,14,324,1170,23,84,0,Fear,Fear+Sadness,15807,1.3788,false,1.380211241711606,1.9294189257142926,2.5118833609788744,3.068556895072363,1.4,4.198876927243553
ObjectId("5d34a6786b361d34247c0db2"),388,4,39,5784,21090,148,541,0,Sadness,Sadness+Surprise,41618,1.01981,false,2.173186268412274,2.733999286538387,3.7623033632877685,4.3240971716876135,1,4.619291640995758
ObjectId("5d34a6786b361d34247c0db3"),116,4,9,1023,3099,114,344,0,Fear,Fear+Anger,19202,0.9814,false,2.060697840353612,2.537819095073274,3.010299956639812,3.4913616938342726,1,4.283369081915453
ObjectId("5d34a6786b361d34247c0db4"),216,7,14,5185,25930,370,1852,0,Fear,Fear+Joy,11453,1.01181,false,2.569373909615046,3.2678754193188975,3.7148325124333326,4.413819265173045,1,4.058957178777311
ObjectId("5d34a6786b361d34247c0db5"),182,8,12,1567,3435,131,286,1,Fear,Fear+Surprise,15288,1.208,true,2.12057393120585,2.4578818967339924,3.1953460583484197,3.5360531551592045,1.2,4.184379080658596
ObjectId("5d34a6786b361d34247c0db6"),218,4,15,2460,7360,164,491,0,Joy,Joy+Fear,578806,1.41355,true,2.2174839442139063,2.69196510276736,3.3911116137028023,3.866936817731639,1.4,5.762533774767301
ObjectId("5d34a6786b361d34247c0db7"),267,4,18,30384,297183,1688,16510,0,Joy,Joy+Anger,223142,1.16778,true,3.227629649571009,4.217773377401495,4.482659240683335,5.473025423867939,1.2,5.3485832675643765
ObjectId("5d34a6786b361d34247c0db8"),70,1,7,9463,23702,1352,3386,0,Joy,Joy+Fear,195935,1.25646,true,3.131297796597623,3.5298151966446305,3.976074731619874,4.374803316516083,1.3,5.292114237755639
ObjectId("5d34a6786b361d34247c0db9"),181,5,12,890,1603,74,134,3,Joy,Joy+Surprise,132590,1.06386,false,1.8750612633917,2.130333768495006,2.949877704036875,3.2052043639481447,1.1,5.122514046067324
ObjectId("5d34a6786b361d34247c0dba"),232,4,15,3804,12092,254,806,4,Joy,Joy+Fear,4387,0.80608,false,2.406540180433955,2.90687353472207,3.5803546611065915,4.082534052872713,0.8,3.6422666189026733
ObjectId("5d34a6786b361d34247c0dbb"),207,10,14,2482,2181,177,156,4,Fear,Fear+Joy,14503,1.0168,false,2.250420002308894,2.1958996524092336,3.394976719554564,3.338854746252323,1,4.161487791087453
ObjectId("5d34a6786b361d34247c0dbc"),220,9,15,21083,68608,1406,4574,0,Joy,Joy+Fear,36112,0.9681,true,3.1482940974347455,3.6603910984024672,4.32395300754292,4.836381089379656,1,4.557663567887565
ObjectId("5d34a6786b361d34247c0dbd"),302,9,21,6801,17354,324,826,0,Joy,Joy+Fear,125031,1.27649,false,2.5118833609788744,2.9175055095525466,3.8326366275967034,4.239424618007431,1.3,5.09702117816689
ObjectId("5d34a6786b361d34247c0dbe"),383,8,36,375,5315,10,148,3,Fear,Fear+Disgust,2045,0.84227,false,1.0413926851582251,2.173186268412274,2.575187844927661,3.725584972270694,0.8,3.3109056293761414
ObjectId("5d34a6786b361d34247c0dbf"),370,4,30,4910,10151,164,338,0,Surprise,Surprise+Fear,116778,1.17635,false,2.2174839442139063,2.530199698203082,3.691169934131604,4.006551609086649,1.2,5.0673647519878715
ObjectId("5d34a6786b361d34247c0dc0"),187,4,13,38,305,3,23,1,Joy,Joy+Fear,1894,0.73826,false,0.6020599913279624,1.380211241711606,1.591064607026499,2.48572142648158,0.7,3.2776092143040914
ObjectId("5d34a6786b361d34247c0dc1"),328,0,24,330,1796,14,75,0,Joy,Joy+Fear,29176,1.03037,false,1.1760912590556813,1.8808135922807914,2.519827993775719,3.2545480771089736,1,4.4650406353838505
ObjectId("5d34a6786b361d34247c0dc2"),234,4,15,157,248,10,17,0,Fear,Fear+Joy,756,0.801,false,1.0413926851582251,1.255272505103306,2.1986570869544226,2.3961993470957363,0.8,2.8790958795000727
ObjectId("5d34a6786b361d34247c0dc3"),269,4,18,800,1950,44,108,17,Fear,Fear+Joy,3725,0.77751,false,1.6532125137753437,2.037426497940624,2.9036325160842376,3.2902572693945182,0.8,3.571242850560224
ObjectId("5d34a6786b361d34247c0dc4"),114,4,9,91,374,10,42,0,Joy,Joy+Fear,765,0.68881,false,1.0413926851582251,1.6334684555795864,1.9637878273455553,2.574031267727719,0.7,2.884228769632604
ObjectId("5d34a6786b361d34247c0dc5"),93,4,8,24369,70963,3046,8870,0,Anger,Anger+Surprise,677357,2.2602,true,3.4838724542226736,3.9479725792457803,4.386855529184724,4.851038087220616,2.3,5.830818264446593
ObjectId("5d34a6786b361d34247c0dc6"),16,12,4,865,1488,216,372,1,Sadness,Sadness+Joy,34625,1.04733,false,2.3364597338485296,2.571708831808688,2.937517892017347,3.1728946977521764,1,4.539402324692307
ObjectId("5d34a6786b361d34247c0dc7"),26,9,5,218,366,44,73,3,Fear,Fear+Joy,6863,0.85602,false,1.6532125137753437,1.8692317197309762,2.3404441148401185,2.5646660642520893,0.9,3.836577274840649
ObjectId("5d34a6786b361d34247c0dc8"),1,3,3,17739,39908,5913,13303,2,Joy,Joy+Fear,393734,1.22267,false,3.771881320190099,4.123982236211463,4.248953615495708,4.601070845801489,1.2,5.595204021930823
ObjectId("5d34a6786b361d34247c0dc9"),240,9,16,21641,62060,1353,3879,0,Fear,Fear+Joy,357107,1.38032,true,3.1316186643491255,3.5888317255942073,4.335297392702007,4.792818769169239,1.4,5.55279957944772
ObjectId("5d34a6786b361d34247c0dca"),94,9,8,8106,21152,1013,2644,0,Surprise,Surprise+Joy,271068,1.48879,true,3.0060379549973173,3.4224256763712044,3.9088601730172767,4.325371969396705,1.5,5.433079853623477
ObjectId("5d34a6786b361d34247c0dcb"),78,9,8,1636,7051,204,881,0,Fear,Fear+Surprise,21952,0.96558,true,2.311753861055754,2.94546858513182,3.2140486794119414,3.8483123036272846,1,4.341493877399029
ObjectId("5d34a6786b361d34247c0dcc"),139,11,10,5934,12582,593,1258,1,Joy,Joy+Fear,182030,1.25062,true,2.7737864449811935,3.1000257301078626,3.77342072329061,4.0997841966035775,1.3,5.2601453549218
ObjectId("5d34a6786b361d34247c0dcd"),158,4,11,28688,164016,2608,14911,0,Joy,Joy+Fear,19492,0.94668,true,3.4164740791002206,4.173535895009906,4.457715410495883,5.214888864045033,0.9,4.289878682790416
ObjectId("5d34a6786b361d34247c0dce"),172,4,12,8923,29586,744,2466,0,Joy,Joy+Anger,357107,1.38032,true,2.8721562727482928,3.392169149489736,3.9505595616118003,4.471100931720383,1.4,5.55279957944772
ObjectId("5d34a6786b361d34247c0dcf"),215,0,14,472,1313,34,94,3,Sadness,Sadness+Fear,11049,0.84635,false,1.5440680443502757,1.9777236052888478,2.6748611407378116,3.118595365223762,0.8,4.04336227802113
ObjectId("5d34a6786b361d34247c0dd0"),211,2,14,33,133,2,10,0,Joy,Joy+Fear,2671,0.77737,false,0.47712125471966244,1.0413926851582251,1.5314789170422551,2.1271047983648077,0.8,3.426836453803508
ObjectId("5d34a6786b361d34247c0dd1"),355,8,27,563,4782,21,177,0,Joy,Joy+Anger,9225,0.9657,false,1.3424226808222062,2.250420002308894,2.751279103983342,3.679700380871964,1,3.965013450272248
ObjectId("5d34a6786b361d34247c0dd2"),3,4,3,166,557,55,186,0,Sadness,Sadness+Surprise,73354,0.9744,true,1.7481880270062005,2.271841606536499,2.2227164711475833,2.7466341989375787,1,4.865429721429503
ObjectId("5d34a6786b361d34247c0dd3"),204,0,14,3568,11010,255,786,0,Fear,Fear+Joy,52686,1.11236,true,2.4082399653118496,2.8959747323590648,3.5525465479556604,4.041826762637544,1.1,4.721703470530691
ObjectId("5d34a6786b361d34247c0dd4"),52,8,6,95,234,16,39,1,Joy,Joy+Fear,334,0.68012,false,1.2304489213782739,1.6020599913279623,1.9822712330395684,2.3710678622717363,0.7,2.525044807036845
ObjectId("5d34a6786b361d34247c0dd5"),106,2,9,1450,5180,161,576,0,Joy,Joy+Fear,130289,1.20046,true,2.2095150145426308,2.7611758131557314,3.161667412437736,3.714413592287121,1.2,5.114911084081892
ObjectId("5d34a6786b361d34247c0dd6"),381,7,34,10252,32246,302,948,2,Joy,Joy+Anger,6549,0.81411,false,2.481442628502305,2.977266212427293,4.010850957373923,4.508489317605435,0.8,3.816241299991783
ObjectId("5d34a6786b361d34247c0dd7"),334,13,25,1859,7644,74,306,0,Joy,Joy+Fear,54498,1.35825,false,1.8750612633917,2.4871383754771865,3.2695129442179165,3.883377489748339,1.4,4.736388533497444
ObjectId("5d34a6786b361d34247c0dd8"),118,4,9,4,18,0,2,0,Joy,Joy+Fear,189,0.70106,false,0,0.47712125471966244,0.6989700043360189,1.2787536009528289,0.7,2.278753600952829
ObjectId("5d34a6786b361d34247c0dd9"),161,8,11,1606,8369,146,761,0,Anger,Anger+Surprise,7820,0.95841,false,2.167317334748176,2.8819549713396007,3.2060158767633444,3.92272545799326,1,3.8932622858879915
ObjectId("5d34a6786b361d34247c0dda"),261,10,17,1242,1329,73,78,0,Joy,Joy+Fear,27942,0.82514,false,1.8692317197309762,1.8976270912904414,3.094471128641645,3.123851640967086,0.8,4.446273030751088
ObjectId("5d34a6786b361d34247c0ddb"),185,4,13,187,663,14,51,0,Joy,Joy+Fear,2353,0.85776,false,1.1760912590556813,1.7160033436347992,2.27415784926368,2.8221680793680175,0.9,3.371806458507416
ObjectId("5d34a6786b361d34247c0ddc"),178,4,12,150,1575,12,131,0,Anger,Anger+Surprise,5059,0.95575,false,1.1139433523068367,2.12057393120585,2.1789769472931693,3.1975562131535367,1,3.7041505168397992
ObjectId("5d34a6786b361d34247c0ddd"),266,9,18,5942,26766,330,1487,0,Surprise,Surprise+Anger,9639982,1.54606,true,2.519827993775719,3.17260293120986,3.7740057302582093,4.427599698924868,1.5,6.984076268030144
ObjectId("5d34a6786b361d34247c0dde"),180,7,12,2383,8508,199,709,0,Joy,Joy+Disgust,162096,1.17647,false,2.3010299956639813,2.8512583487190755,3.377306251068199,3.9298785236567833,1.2,5.2097749772451705
ObjectId("5d34a6786b361d34247c0ddf"),132,4,10,333,2721,33,272,0,Fear,Fear+Joy,2840,0.90589,false,1.5314789170422551,2.436162647040756,2.5237464668115646,3.434888120867316,0.9,3.453471233722936
ObjectId("5d34a6786b361d34247c0de0"),12,4,4,9289,43693,2322,10923,0,Fear,Fear+Joy,4761,0.87198,false,3.3660492098002353,4.038381691467696,3.968015713993642,4.64042180434357,0.9,3.677789391068861
ObjectId("5d34a6786b361d34247c0de1"),64,4,7,584,1306,83,187,0,Joy,Joy+Fear,58433,1.36473,false,1.9242792860618816,2.27415784926368,2.7671558660821804,3.116275587580544,1.4,4.76666561621731
ObjectId("5d34a6786b361d34247c0de2"),372,8,31,1034,2345,33,76,3,Joy,Joy+Fear,20151,0.91975,true,1.5314789170422551,1.8864907251724818,3.0149403497929366,3.3703280077795106,0.9,4.304318154490057
ObjectId("5d34a6786b361d34247c0de3"),18,12,4,1038,1269,260,317,0,Joy,Joy+Fear,126821,0.90971,false,2.416640507338281,2.5024271199844326,3.016615547557177,3.103803720955957,0.9,5.103194597787348
ObjectId("5d34a6786b361d34247c0de4"),308,13,22,862,1180,39,54,2,Fear,Fear+Joy,35489,1.33976,false,1.6020599913279623,1.7403626894942439,2.9360107957152097,3.072249897613515,1.3,4.5501059993475925
ObjectId("5d34a6786b361d34247c0de5"),103,2,9,90040,108406,10004,12045,0,Joy,Joy+Sadness,9091,0.87561,false,4.00021709297223,4.080842858834561,4.95444030965223,5.035057326143518,0.9,3.9586594270529334
ObjectId("5d34a6786b361d34247c0de6"),222,13,15,351,400,23,27,1,Joy,Joy+Surprise,35489,1.33976,false,1.380211241711606,1.4471580313422192,2.546542663478131,2.603144372620182,1.3,4.5501059993475925
ObjectId("5d34a6786b361d34247c0de7"),150,1,11,12292,63000,1117,5727,0,Joy,Joy+Sadness,175315,1.17228,false,3.0484418035504044,3.758003009299799,4.089657881621529,4.799347442962076,1.2,5.243821553256476
ObjectId("5d34a6786b361d34247c0de8"),67,7,7,13617,13388,1945,1913,0,Joy,Joy+Fear,355178,1.35629,true,3.289142835932333,3.281941933440825,4.134113329842324,4.126748141560192,1.4,5.5504472801534925
ObjectId("5d34a6786b361d34247c0de9"),30,12,5,97,169,19,34,0,Fear,Fear+Joy,55602,1.03766,false,1.3010299956639813,1.5440680443502757,1.9912260756924949,2.230448921378274,1,4.745098224105389
ObjectId("5d34a6786b361d34247c0dea"),58,4,7,25340,64436,3620,9205,0,Joy,Joy+Fear,63504,1.20577,true,3.5588285248170117,3.9640709705579553,4.403823748902307,4.80913531272523,1.2,4.802807920361628
ObjectId("5d34a6786b361d34247c0deb"),57,0,7,154,1404,22,201,1,Joy,Joy+Fear,23229,1.25513,false,1.3617278360175928,2.305351369446624,2.1903316981702914,3.1476763242410986,1.3,4.366049209800235
ObjectId("5d34a6786b361d34247c0dec"),257,4,17,314,1844,18,108,0,Sadness,Sadness+Joy,65240,1.08882,true,1.2787536009528289,2.037426497940624,2.4983105537896004,3.265996370495079,1.1,4.81452060919156
ObjectId("5d34a6786b361d34247c0ded"),380,10,34,22854,114398,672,3365,1,Anger,Anger+Joy,24991,0.96816,true,2.828015064223977,3.527114111639805,4.3589812256253495,5.058422228159977,1,4.397801012197206
ObjectId("5d34a6786b361d34247c0dee"),229,6,15,1,9,0,1,0,Sadness,Sadness+Joy,1503,0.8468,false,0,0.3010299956639812,0.3010299956639812,1,0.8,3.1772478362556233
ObjectId("5d34a6786b361d34247c0def"),256,13,17,210,486,12,29,5,Joy,Joy+Fear,35489,1.33976,false,1.1139433523068367,1.4771212547196624,2.3242824552976926,2.6875289612146345,1.3,4.5501059993475925
ObjectId("5d34a6786b361d34247c0df0"),53,8,6,324,1116,54,186,0,Surprise,Surprise+Joy,5754,0.86429,false,1.7403626894942439,2.271841606536499,2.5118833609788744,3.048053173115609,0.9,3.760045327965811
ObjectId("5d34a6786b361d34247c0df1"),119,2,9,152,445,17,49,0,Joy,Joy+Fear,11609,0.91502,true,1.255272505103306,1.6989700043360187,2.184691430817599,2.649334858712142,0.9,4.064832219738574
ObjectId("5d34a6786b361d34247c0df2"),165,0,12,292,1157,24,96,0,Joy,Joy+Fear,5879,0.92843,false,1.3979400086720377,1.9867717342662448,2.4668676203541096,3.0637085593914173,0.9,3.7693773260761385
ObjectId("5d34a6786b361d34247c0df3"),149,13,11,275,407,25,37,0,Joy,Joy+Fear,5884,0.79179,false,1.414973347970818,1.5797835966168101,2.4409090820652177,2.61066016308988,0.8,3.7697464671794534
ObjectId("5d34a6786b361d34247c0df4"),129,0,10,140,1050,14,105,0,Joy,Joy+Fear,23229,1.25513,false,1.1760912590556813,2.0253058652647704,2.1492191126553797,3.021602716028242,1.3,4.366049209800235
ObjectId("5d34a6786b361d34247c0df5"),138,7,10,205,355,20,36,0,Fear,Fear+Joy,6777,0.8109,false,1.3222192947339193,1.568201724066995,2.3138672203691533,2.5514499979728753,0.8,3.8311015645013593
ObjectId("5d34a6786b361d34247c0df6"),359,11,28,8914,14046,318,502,4,Fear,Fear+Joy,62106,0.96103,true,2.503790683057181,2.7015679850559273,3.9501213475113732,4.147583582421641,1,4.793140551707115
ObjectId("5d34a6786b361d34247c0df7"),339,0,25,70,134,3,5,0,Fear,Fear+Joy,26235,0.91535,false,0.6020599913279624,0.7781512503836436,1.8512583487190752,2.130333768495006,0.9,4.418897622229998
ObjectId("5d34a6786b361d34247c0df8"),364,4,29,3227,4877,111,168,3,Joy,Joy+Fear,21667,0.93687,false,2.0492180226701815,2.2278867046136734,3.5089335260500327,3.688241795977712,0.9,4.335818826915165
ObjectId("5d34a6786b361d34247c0df9"),7,6,4,13544,39484,3386,9871,2,Joy,Joy+Fear,5839979,1.83187,true,3.5298151966446305,3.9944051466891666,4.131779009369187,4.596432142349082,1.8,6.766411359799983
ObjectId("5d34a6786b361d34247c0dfa"),291,13,20,2939,15930,147,796,0,Joy,Joy+Fear,347212,1.22457,true,2.1702617153949575,2.9014583213961123,3.4683473304121573,4.202243037624806,1.2,5.540595977226144
ObjectId("5d34a6786b361d34247c0dfb"),378,8,33,105,282,3,9,0,Fear,Fear+Sadness,6752,1.00382,false,0.6020599913279624,1,2.0253058652647704,2.45178643552429,1,3.8294967497201826
ObjectId("5d34a6786b361d34247c0dfc"),9,13,4,226,231,56,58,0,Surprise,Surprise+Fear,126821,0.90971,false,1.7558748556724915,1.7708520116421442,2.3560258571931225,2.3654879848909,0.9,5.103194597787348
ObjectId("5d34a6786b361d34247c0dfd"),344,4,26,10120,18802,389,723,0,Fear,Fear+Sadness,87197,1.0369,false,2.591064607026499,2.859738566197147,4.005223424858136,4.27422714604577,1,4.940506523935722
ObjectId("5d34a6786b361d34247c0dfe"),128,2,10,3793,9614,379,961,2,Joy,Joy+Surprise,15207,0.81058,false,2.57978359661681,2.983175072037813,3.5790973265526436,3.9829492885744986,0.8,4.1820721038573865
ObjectId("5d34a6786b361d34247c0dff"),60,2,7,14455,66191,2065,9456,6,Joy,Joy+Fear,182601,1.01723,true,3.315130317183602,3.9757533890362873,4.160048139552876,4.820805503551437,1,5.261505529957355
ObjectId("5d34a6786b361d34247c0e00"),205,9,14,823,2173,59,155,0,Joy,Joy+Surprise,1397,0.75422,false,1.7781512503836436,2.1931245983544616,2.9159272116971158,3.3372595397502756,0.8,3.1455071714096627
ObjectId("5d34a6786b361d34247c0e01"),250,12,16,7639,9685,477,605,0,Joy,Joy+Anger,13471,0.93803,false,2.6794278966121188,2.782472624166286,3.8830933585756897,3.9861444647105206,0.9,4.129432074155575
ObjectId("5d34a6786b361d34247c0e02"),124,2,10,2741,3671,274,367,0,Joy,Joy+Fear,5061,0.88221,false,2.439332693830263,2.5658478186735176,3.438067450453494,3.564902672529205,0.9,3.7043221408222355
ObjectId("5d34a6786b361d34247c0e03"),281,2,19,6629,11632,349,612,1,Joy,Joy+Fear,155903,1.17963,true,2.5440680443502757,2.787460474518415,3.821513528404773,4.065691728093271,1.2,5.192857257944725
ObjectId("5d34a6786b361d34247c0e04"),71,12,7,1082,2337,155,334,0,Fear,Fear+Joy,1013079,3.00282,true,2.1931245983544616,2.525044807036845,3.0346284566253203,3.3688445068258215,3,6.005643741694651
ObjectId("5d34a6786b361d34247c0e05"),349,2,26,234628,1710703,9024,65796,0,Surprise,Surprise+Fear,43815,1.23262,false,3.9554472105776957,4.818206092502289,5.370381689627782,6.233174870857588,1.2,4.641632727920729
ObjectId("5d34a6786b361d34247c0e06"),377,9,33,5383,19725,163,598,0,Joy,Joy+Surprise,72425,1.13011,false,2.214843848047698,2.7774268223893115,3.7311050512159203,4.295039028787595,1.1,4.859894500306365
ObjectId("5d34a6786b361d34247c0e07"),382,0,36,1661,6868,46,191,0,Joy,Joy+Fear,29176,1.03037,false,1.6720978579357175,2.2833012287035497,3.220631019448092,3.836893516376434,1,4.4650406353838505
ObjectId("5d34a6786b361d34247c0e08"),46,4,6,108,179,18,30,0,Joy,Joy+Fear,67219,1.14608,true,1.2787536009528289,1.4913616938342726,2.037426497940624,2.255272505103306,1.1,4.827498508133458
ObjectId("5d34a6786b361d34247c0e09"),82,0,8,626,2748,78,344,0,Fear,Fear+Surprise,3019,0.74244,false,1.8976270912904414,2.537819095073274,2.7972675408307164,3.4391747398434687,0.7,3.4800069429571505
ObjectId("5d34a6786b361d34247c0e0a"),151,4,11,795,1793,72,163,0,Sadness,Sadness+Anger,51265,1.04661,false,1.863322860120456,2.214843848047698,2.900913067737669,3.2538224387080734,1,4.709829433186508
ObjectId("5d34a6786b361d34247c0e0b"),329,8,24,49534,81852,2064,3410,0,Joy,Joy+Fear,86289,1.05078,true,3.31492005599242,3.5328817194073974,4.694912167328569,4.913034601396944,1.1,4.935960468989166
ObjectId("5d34a6786b361d34247c0e0c"),115,0,9,175,1491,19,166,1,Fear,Fear+Joy,23229,1.25513,false,1.3010299956639813,2.2227164711475833,2.24551266781415,3.17376882313665,1.3,4.366049209800235
ObjectId("5d34a6786b361d34247c0e0d"),104,2,9,562,356,62,40,8,Joy,Joy+Sadness,8452,0.79545,false,1.7993405494535817,1.6127838567197355,2.7505083948513462,2.552668216112193,0.8,3.927010868975651
ObjectId("5d34a6786b361d34247c0e0e"),320,5,23,8747,17673,380,768,0,Fear,Fear+Joy,125031,1.27649,false,2.5809249756756194,2.885926339801431,3.9419087743655994,4.247334850657456,1.3,5.09702117816689
ObjectId("5d34a6786b361d34247c0e0f"),363,10,29,61295,177043,2114,6105,4,Fear,Fear+Joy,31038,0.87297,false,3.325310371711061,3.785756799962643,4.787432134639002,5.248081213155437,0.9,4.49190772091483
ObjectId("5d34a6786b361d34247c0e10"),251,4,17,21226,30933,1249,1820,5,Joy,Joy+Surprise,110363,1.11061,true,3.0969100130080562,3.26030994579492,4.326888619907437,4.49043608119321,1.1,5.0428274325324685
ObjectId("5d34a6786b361d34247c0e11"),284,0,20,3197,9489,160,474,0,Fear,Fear+Joy,132590,1.06386,false,2.2068258760318495,2.6766936096248664,3.504878459410216,3.977266212427293,1.1,5.122514046067324
ObjectId("5d34a6786b361d34247c0e12"),268,4,18,54,200,3,11,0,Joy,Joy+Surprise,2193,0.79877,false,0.6020599913279624,1.0791812460476249,1.7403626894942439,2.303196057420489,0.8,3.3412366232386925
ObjectId("5d34a6786b361d34247c0e13"),335,10,25,6671,29149,267,1166,0,Joy,Joy+Fear,8543,0.9287,false,2.428134794028789,3.0670708560453703,3.824256037629682,4.464638559095033,0.9,3.9316612396844812
ObjectId("5d34a6786b361d34247c0e14"),189,10,13,15099,39375,1161,3029,0,Fear,Fear+Anger,269441,1.57323,true,3.065206128054312,3.481442628502305,4.17897694729317,4.595231596358727,1.6,5.43046529348991
ObjectId("5d34a6786b361d34247c0e15"),117,2,9,639,1390,71,154,3,Joy,Joy+Anger,6958,0.80749,false,1.8573324964312685,2.1903316981702914,2.806179973983887,3.143327129992046,0.8,3.842546836495015
ObjectId("5d34a6786b361d34247c0e16"),0,11,3,31955,95985,10652,31995,0,Anger,Anger+Surprise,61746,1.16113,true,4.027471927021278,4.50509568811646,4.504552412486566,4.982207893809027,1.2,4.790615862092096
ObjectId("5d34a6786b361d34247c0e17"),314,5,23,4944,7999,215,348,0,Anger,Anger+Fear,51265,1.04661,false,2.3344537511509307,2.5428254269591797,3.694166295933198,3.9030899869919438,1,4.709829433186508
ObjectId("5d34a6786b361d34247c0e18"),297,4,21,765,3725,36,177,0,Fear,Fear+Anger,50728,1.17644,true,1.568201724066995,2.250420002308894,2.884228769632604,3.571242850560224,1.2,4.705256301332535
ObjectId("5d34a6786b361d34247c0e19"),160,4,11,21669,46842,1970,4258,0,Disgust,Disgust+Joy,15966,1.08056,false,3.2946866242794433,3.629307640073749,4.335858911319818,4.6706447011254335,1.1,4.203223325290906
ObjectId("5d34a6786b361d34247c0e1a"),90,10,8,4354,6011,544,751,1,Fear,Fear+Joy,825758,1.93557,true,2.7363965022766426,2.876217840591642,3.638988159343682,3.7790189719148706,1.9,5.9168533157925
ObjectId("5d34a6786b361d34247c0e1b"),144,4,11,830,4595,75,418,0,Joy,Joy+Surprise,75932,1.24332,true,1.8808135922807914,2.622214022966295,2.919601023784111,3.6623800200162475,1.2,4.880430558546531
ObjectId("5d34a6786b361d34247c0e1c"),290,5,20,1515,3395,76,170,0,Joy,Joy+Fear,51265,1.04661,false,1.8864907251724818,2.2329961103921536,3.1806992012960347,3.530967681571915,1,4.709829433186508
ObjectId("5d34a6786b361d34247c0e1d"),316,7,23,3648,5356,159,233,0,Joy,Joy+Fear,178386,1.2596,true,2.2041199826559246,2.369215857410143,3.5621738633646483,3.7289216463728594,1.3,5.251363201867568
ObjectId("5d34a6786b361d34247c0e1e"),15,9,4,135,194,34,48,0,Fear,Fear+Surprise,126821,0.90971,false,1.5440680443502757,1.6901960800285136,2.1335389083702174,2.290034611362518,0.9,5.103194597787348
ObjectId("5d34a6786b361d34247c0e1f"),109,12,9,743,1269,83,141,0,Joy,Joy+Fear,682,0.80005,false,1.9242792860618816,2.1522883443830563,2.8715729355458786,3.103803720955957,0.8,2.8344207036815328
ObjectId("5d34a6786b361d34247c0e20"),213,7,14,900,3432,64,245,0,Fear,Fear+Joy,21952,0.96558,true,1.8129133566428555,2.3909351071033793,2.954724790979063,3.53567380342575,1,4.341493877399029
ObjectId("5d34a6786b361d34247c0e21"),47,9,6,244,316,41,53,0,Joy,Joy+Fear,51265,1.04661,false,1.6232492903979006,1.7323937598229686,2.3891660843645326,2.5010592622177517,1,4.709829433186508
ObjectId("5d34a6786b361d34247c0e22"),163,3,11,222,487,20,44,1,Fear,Fear+Anger,14503,1.0168,false,1.3222192947339193,1.6532125137753437,2.3483048630481607,2.6884198220027105,1,4.161487791087453
ObjectId("5d34a6786b361d34247c0e23"),166,3,12,1632,5153,136,429,0,Fear,Fear+Anger,58685,1.30427,false,2.1367205671564067,2.6334684555795866,3.212986184736668,3.712144414214886,1.3,4.768534509289877
ObjectId("5d34a6786b361d34247c0e24"),362,9,28,4304,9153,154,327,0,Anger,Anger+Fear,38232,1.30939,false,2.1903316981702914,2.515873843711679,3.6339731557896737,3.9616109080912807,1.3,4.582438376813906
ObjectId("5d34a6786b361d34247c0e25"),227,0,15,883,2045,59,136,0,Fear,Fear+Sadness,15285,0.85835,false,1.7781512503836436,2.1367205671564067,2.946452265013073,3.3109056293761414,0.9,4.1842938552489555
ObjectId("5d34a6786b361d34247c0e26"),366,4,29,181,920,6,32,0,Surprise,Surprise+Anger,16218,0.857,false,0.8450980400142568,1.5185139398778875,2.2600713879850747,2.964259630196849,0.9,4.210024073804233
ObjectId("5d34a6786b361d34247c0e27"),140,11,11,7442,22720,677,2065,0,Fear,Fear+Joy,458000,1.31484,true,2.8312296938670634,3.315130317183602,3.8717480189918714,4.356427441692355,1.3,5.660866426244061
ObjectId("5d34a6786b361d34247c0e28"),276,4,19,6913,20385,364,1073,0,Joy,Joy+Fear,30881,0.94348,false,2.5622928644564746,3.0310042813635367,3.839729375206388,4.309332019875983,0.9,4.489705418633813
ObjectId("5d34a6786b361d34247c0e29"),311,13,22,4466,8769,203,399,1,Joy,Joy+Surprise,98389,1.27249,false,2.3096301674258988,2.6020599913279625,3.6500159524718385,3.9429995933660407,1.3,4.992950960570447
ObjectId("5d34a6786b361d34247c0e2a"),301,4,21,3834,19485,183,928,0,Fear,Fear+Anger,127684,1.23577,false,2.2648178230095364,2.968015713993642,3.583765368285,4.289722698213798,1.2,5.1061398808197245
ObjectId("5d34a6786b361d34247c0e2b"),155,13,11,0,38,0,3,0,Surprise,Surprise+Joy,9331,0.92229,false,0,0.6020599913279624,0,1.591064607026499,0.9,3.969974730121715
ObjectId("5d34a6786b361d34247c0e2c"),271,10,18,38619,210639,2146,11702,0,Fear,Fear+Joy,223142,1.16778,true,3.331832044436249,4.068297205031453,4.586812269443376,5.323540846098012,1.2,5.3485832675643765
ObjectId("5d34a6786b361d34247c0e2d"),285,1,20,576,3415,29,171,1,Joy,Joy+Fear,875,0.74952,false,1.4771212547196624,2.2355284469075487,2.7611758131557314,3.5335178620169674,0.7,2.9425041061680806
ObjectId("5d34a6786b361d34247c0e2e"),175,7,12,729,968,61,81,1,Fear,Fear+Joy,15980,0.80952,false,1.792391689498254,1.9138138523837167,2.863322860120456,2.986323777050765,0.8,4.203603951504492
ObjectId("5d34a6786b361d34247c0e2f"),294,4,21,635,4022,30,192,0,Disgust,Disgust+Fear,128002,1.13578,true,1.4913616938342726,2.285557309007774,2.803457115648414,3.6045500325712614,1.1,5.107220148305507
ObjectId("5d34a6786b361d34247c0e30"),235,8,16,1115,7029,70,439,0,Joy,Joy+Fear,69427,1.39652,false,1.8512583487190752,2.6434526764861874,3.04766419460156,3.846955325019824,1.4,4.841534654793146
ObjectId("5d34a6786b361d34247c0e31"),146,10,11,9303,24262,846,2206,0,Fear,Fear+Anger,290063,1.37454,true,2.9278834103307068,3.343802333161655,3.968669701720392,4.384944498216244,1.4,5.462493831624044
ObjectId("5d34a6786b361d34247c0e32"),323,4,23,728,629,32,27,9,Joy,Joy+Fear,35489,1.33976,false,1.5185139398778875,1.4471580313422192,2.8627275283179747,2.7993405494535817,1.3,4.5501059993475925
ObjectId("5d34a6786b361d34247c0e33"),28,7,5,4175,7653,835,1531,0,Joy,Joy+Fear,304637,1.41017,true,2.9222062774390163,3.185258765296585,3.620760489994206,3.8838884578884807,1.4,5.483784075497004
ObjectId("5d34a6786b361d34247c0e34"),379,4,33,10305,21497,312,651,9,Joy,Joy+Fear,17568,1.17527,false,2.4955443375464483,2.81424759573192,4.013090138125056,4.332398058549754,1.2,4.24474704283614
ObjectId("5d34a6786b361d34247c0e35"),171,4,12,2199,10254,183,854,1,Joy,Joy+Surprise,73161,1.24749,true,2.2648178230095364,2.931966114728173,3.342422680822206,4.010935664704385,1.2,4.864285569099234
ObjectId("5d34a6786b361d34247c0e36"),289,12,20,3312,10315,166,516,0,Joy,Joy+Surprise,6118,1.03599,false,2.2227164711475833,2.7134905430939424,3.52022143588196,4.0135113334659,1,3.7866804531966487
ObjectId("5d34a6786b361d34247c0e37"),147,0,11,10921,47671,993,4334,1,Disgust,Disgust+Anger,15032,0.95083,true,2.997386384397313,3.636989101812229,4.038302172199525,4.678263372416731,1,4.1770456574621395
ObjectId("5d34a6786b361d34247c0e38"),113,2,9,76,926,8,103,0,Fear,Fear+Joy,128002,1.13578,true,0.9542425094393249,2.0170333392987803,1.8864907251724818,2.967079734144497,1.1,5.107220148305507
ObjectId("5d34a6786b361d34247c0e39"),191,4,13,47184,147988,3630,11384,0,Joy,Joy+Fear,59721,1.01458,true,3.560026248912892,4.0563330349511615,4.673803959384559,5.170229435551429,1,4.776134343165844
ObjectId("5d34a6786b361d34247c0e3a"),153,4,11,369,1093,34,99,5,Fear,Fear+Joy,21384,1.41828,false,1.5440680443502757,2,2.568201724066995,3.039017321997412,1.4,4.33010925459283
ObjectId("5d34a6786b361d34247c0e3b"),252,6,17,16269,13359,957,786,0,Joy,Joy+Fear,34959,1.13491,true,2.9813655090785445,2.8959747323590648,4.211387552936859,4.125806458139527,1.1,4.543571423962366
ObjectId("5d34a6786b361d34247c0e3c"),19,7,5,674,708,135,142,3,Joy,Joy+Anger,10365,0.84063,true,2.1335389083702174,2.155336037465062,2.829303772831025,2.8506462351830666,0.8,4.015611204503513
ObjectId("5d34a6786b361d34247c0e3d"),295,4,21,11190,65033,533,3097,0,Joy,Joy+Fear,60591,1.06965,true,2.727541257028556,3.491081413423187,4.048868895739931,4.813140466671328,1.1,4.782415287776751
ObjectId("5d34a6786b361d34247c0e3e"),134,7,10,457,316,46,32,1,Joy,Joy+Disgust,8928,1.01194,false,1.6720978579357175,1.5185139398778875,2.660865478003869,2.5010592622177517,1,3.9508028229646586
ObjectId("5d34a6786b361d34247c0e3f"),177,2,13,34144,56562,2626,4351,0,Joy,Joy+Fear,197471,0.91678,true,3.4194600727860704,3.6386888866901237,4.533327117054424,4.752532435599553,0.9,5.295505524734293
ObjectId("5d34a6786b361d34247c0e40"),100,1,9,236,2104,26,234,0,Surprise,Surprise+Joy,29422,1.20337,true,1.4313637641589874,2.3710678622717363,2.374748346010104,3.323252100171687,1.2,4.468686951770906
ObjectId("5d34a6786b361d34247c0e41"),79,2,8,102410,382159,12801,47770,0,Fear,Fear+Joy,11994,0.89186,true,4.107277822859771,4.679164332552692,5.010346606861778,5.582245228275298,0.9,4.0790002523038495
ObjectId("5d34a6786b361d34247c0e42"),264,9,18,4215,6698,234,372,0,Joy,Joy+Fear,46037,1.1045,false,2.3710678622717363,2.571708831808688,3.62490060220449,3.8260099777911005,1.1,4.663116448584376
ObjectId("5d34a6786b361d34247c0e43"),179,3,12,44209,69548,3684,5796,1,Fear,Fear+Joy,1516,0.93286,false,3.56643749219507,3.7632033003707717,4.645520514905874,4.842290889934045,0.9,3.1809855807867304
ObjectId("5d34a6786b361d34247c0e44"),391,11,45,31870,81387,708,1809,0,Fear,Fear+Surprise,677357,2.2602,true,2.8506462351830666,3.2576785748691846,4.503395690322447,4.910560376412995,2.3,5.830818264446593
ObjectId("5d34a6786b361d34247c0e45"),107,9,9,892,3278,99,364,0,Joy,Joy+Sadness,10236,0.95752,false,2,2.5622928644564746,2.9508514588885464,3.515741416669365,1,4.010172703286779
ObjectId("5d34a6786b361d34247c0e46"),133,2,10,327040,1612234,32704,161223,0,Sadness,Sadness+Fear,267676,1.29389,false,4.514614153467984,5.207429691884283,5.51460220207181,6.207428345015469,1.3,5.4276110562739275
ObjectId("5d34a6786b361d34247c0e47"),325,0,24,2593,6934,108,289,7,Joy,Joy+Fear,46442,1.02214,true,2.037426497940624,2.462397997898956,3.4139699717480614,3.8410464654093035,1,4.666920265359489
ObjectId("5d34a6786b361d34247c0e48"),233,3,15,1041,2315,69,154,0,Fear,Fear+Anger,20855,1.31734,false,1.845098040014257,2.1903316981702914,3.0178677189635055,3.3647385550553985,1.3,4.319231018160273
ObjectId("5d34a6786b361d34247c0e49"),223,4,15,12725,70827,848,4722,0,Joy,Joy+Fear,12774,1.13205,false,2.928907690243953,3.6742179455767,4.104691918900206,4.85020497861574,1.1,4.10636090880675
ObjectId("5d34a6786b361d34247c0e4a"),330,10,25,15332,77828,613,3113,0,Fear,Fear+Joy,223142,1.16778,true,2.788168371141168,3.4933186082321015,4.185627135674899,4.8911414503733255,1.2,5.3485832675643765
